lat_max,lon_max,lat_min,lon_min,route_id
45.097179,6.084447,45.081302,6.056519,zenbus:Line:644230082:LOC
45.347099,4.743569,45.241325,4.660531,zenbus:Line:338200001:LOC
45.252445,4.764184,45.170673,4.655529,zenbus:Line:353690001:LOC
45.298301,4.706119,45.241325,4.626599,zenbus:Line:387730001:LOC
45.258632,4.791804,45.212242,4.670347,zenbus:Line:371200001:LOC
45.284797,4.782313,45.241325,4.670347,zenbus:Line:345850001:LOC
45.252445,4.685529,45.223728,4.649496,zenbus:Line:363640001:LOC
45.31665,4.797718,45.241325,4.670347,zenbus:Line:351090001:LOC
45.382762,4.797667,45.241325,4.670347,zenbus:Line:369340002:LOC
45.252445,4.68825,45.175693,4.503205,zenbus:Line:369340001:LOC
45.198644,5.726084,45.192984,5.724519,BUL_1
45.5909225248,5.3529219976,45.4984881138,5.2894702151,CAPI:1131
45.5922975548,5.3042105937,45.5601930641,5.2707337855,CAPI:1141
45.5893641257,5.3102589949,45.4984881138,5.2729376759,CAPI:20
45.5893641257,5.3437069861,45.5146620699,5.2729376759,CAPI:21
45.6378800722,5.2304700707,45.6078599931,5.099320296,CAPI:A
45.6338415782,5.1624700903,45.6073915794,5.1340581608,CAPI:B
45.6150792628,5.2955570137,45.584944637,5.262498082,CAPI:C
45.6230650352,5.2731998401,45.5839478756,5.2113057661,CAPI:E
45.6410573214,5.2729915348,45.5860368526,5.0992599666,CAPI:1390
45.5922975548,5.2955798336,45.5891692235,5.2707337855,CAPI:2091
45.6088955281,5.1946728593,45.5713002744,5.1455298858,CAPI:F
45.6150792628,5.2955798336,45.5839478756,5.262498082,CAPI:AUBRY
45.5893641257,5.374604173,45.5839478756,5.2723940473,CAPI:22
45.6001018676,5.3815830593,45.5783107197,5.2894702151,CAPI:BJA02
45.645233681,5.3536083767,45.5922975548,5.2642299739,CAPI:1021
45.611969869,5.2767660759,45.585692373,5.2644502192,CAPI:ALLEND
45.6001018676,5.3815830593,45.5783107197,5.2707337855,CAPI:BJA01
45.6423692866,5.1749128172,45.6179247831,5.1305803987,CAPI:H
45.6053985008,5.270377679,45.5517207005,5.2124403448,CAPI:HAWK1
45.6212259794,5.2955570137,45.5839478756,5.2197252066,CAPI:M
45.6053985008,5.2236312682,45.5926001573,5.2119402419,CAPI:HAWK4
45.6053985008,5.2555165215,45.5860368526,5.2219494748,CAPI:HAWK5
45.645233681,5.3338469266,45.5839478756,5.2723940473,CAPI:23
45.6053985008,5.2677587725,45.5481412396,5.2095870418,CAPI:HAWK3
45.6053985008,5.2936632781,45.5566104438,5.2219494748,CAPI:HAWK2
45.6410573214,5.2182693241,45.6022998154,5.1356504073,CAPI:CASDEL
45.6227376581,5.3038492683,45.5783107197,5.2182693241,CAPI:D
45.665646197,5.2471305013,45.5967276272,5.0912187673,CAPI:F30
45.5893641257,5.2773240035,45.5489054652,5.2141853615,CAPI:24
45.5955052368,5.2773240035,45.5853871049,5.1919023791,CAPI:25
45.6937588041,5.1516997557,45.6284000953,5.0996463971,CAPI:26
45.605766545,5.3029406681,45.5928585197,5.2806387005,CAPI:ECOLPB
45.6457410204,5.2552611107,45.5488337697,5.0965464313,CAPI:F30S
45.6548493071,5.157372902,45.6089256376,5.1136038219,CAPI:F31
45.6053985008,5.2315485601,45.5991459716,5.2219494748,CAPI:HAWK6
45.6155075621,5.2944234146,45.5893164249,5.2642299739,CAPI:MOZAS
45.605766545,5.3029406681,45.5710970683,5.2723940473,CAPI:PBVH
45.6276202585,5.2182693241,45.5993774206,5.1513198893,CAPI:MARIE
45.6400803731,5.2182693241,45.6227376581,5.1356504073,CAPI:DEL01
45.5922975548,5.3064468968,45.5327880554,5.2707337855,CAPI:NIV01
45.6155075621,5.2944234146,45.590891228,5.262498082,CAPI:VEIROS
45.645233681,5.3116445802,45.6270694952,5.3010481004,CAPI:PSAVA
45.5627966338,5.224143598,45.5472307721,5.2234664301,CAPI:PCRAA
45.6937588041,5.1512802145,45.6284000953,5.11117819,CAPI:VER04
45.6932447336,5.1434679611,45.6684121356,5.11117819,CAPI:SATOLA
46.1490907142,6.6247341973,46.0609252959,6.5825810565,23238
46.3793276458,6.7676208502,46.1326511489,6.4804872565,23236
46.1076074671,6.7737047823,46.053751575,6.5825810565,23239
46.1108335955,6.1200877985,45.9013631849,5.8202436035,23219
46.0608747014,6.927351246,45.889684641,6.5825488147,23517
46.3793276458,6.5651101975,46.2482799663,6.469997759,23242
46.1960221255,6.7676208502,46.0609252959,6.5825810565,23237
45.9954576255,6.1200931197,45.9013585024,5.836621331,23218
45.9510008081,6.7302893112,45.8124091606,6.6297875526,23234
46.1991122419,6.2466863054,46.1386684047,6.0700750624,23216
46.2302371843,6.1340191249,45.9013631849,6.0780009902,23259
45.9413478372,6.4254995929,45.883008844,6.1200877985,23229
45.9510008081,6.6475117743,45.8326684723,6.5566742653,23233
45.9413320555,6.4255000293,45.8705904331,6.1200877985,23228
45.9510008081,6.6401699279,45.9180201187,6.6078474139,23626
45.9310492521,6.866669302,45.8326684723,6.5566742653,23232
46.1459752114,6.086007698,46.0189522805,5.9331218035,23217
46.3012821827,6.7737153423,46.0537421483,6.2377840958,23240
46.3871708891,6.4208649775,45.6696310867,6.1200877985,23225
46.3012821827,6.5316834412,46.1419236252,6.2377563454,23243
45.9512679161,6.7390824458,45.9038263914,6.6297875526,23235
46.2302371843,6.866669302,45.9049822126,6.1094579796,23261
46.0040555749,5.1740223076,45.9802130945,5.028476389,101
46.1121878455,4.8042229823,45.888050684,4.7295207892,113
46.3047593226,4.8919634712,46.1004777329,4.7295207892,114
46.3047593226,5.2314425063,46.1982388785,4.8252730068,118
46.2074205785,5.2282240453,45.9400368834,4.7202589895,119
46.2074205785,5.2282240453,46.0750270647,4.7295207892,120
46.2074205785,5.4102899554,45.9541025451,5.2282240453,122
46.2074205785,5.3423163318,45.9541025451,5.2248186787,127
46.0848501357,5.4068663557,45.9019179219,5.1883815782,129
46.2074205785,5.2282240453,45.759105783,4.8375365412,132
46.1213509305,5.028476389,46.0040555749,4.9578814054,102
46.1430460206,5.8315090429,45.9625468304,5.7575651796,133
46.1948523572,5.9719197245,46.0915367247,5.8176634898,136
46.1713281016,5.6027421455,45.9541025451,5.3423163318,137
45.9878848763,5.6196922538,45.9190530902,5.3423163318,140
46.0056253265,5.8132590192,45.7582603955,5.6887666206,143
45.9043066577,5.6989837255,45.7583384793,5.6399557138,145
46.0610509617,5.6989837255,45.7583384793,5.5746230163,147
46.3939066193,5.6077903584,45.9635873122,5.2154784763,148
45.980127991,5.5329199743,45.7471514332,5.335998002,149
46.3659300594,5.9955366405,46.1108186646,5.8021707029,153
46.4330793974,4.9444268504,46.2897723429,4.8151963459,155
46.3329738299,6.059885186,46.1108186646,5.2154784763,160
45.8505224959,5.0622382658,45.759105783,4.8375365412,171
45.9541025451,5.3473536952,45.9024035982,5.3423163318,103
45.7604326845,5.9170688326,45.5699064305,5.6887666206,173
45.9522388959,4.8383059501,45.8774746712,4.7524122427,184
45.9915683308,4.8105127235,45.9400368834,4.7155915364,185
46.1213509305,5.028476389,45.9825609982,4.7295207892,191
45.7604326845,5.6980638122,45.6421687557,5.4705259746,193
45.2562993804,4.8923299493,44.9269002019,4.6684599434,E03
45.0731998117,4.8377597339,44.9851314904,4.3948804097,E05
45.2701248943,4.7070002806,44.9851314904,4.5798078823,E07
45.2523996256,4.6956398425,45.118899847,4.5344802809,E08
44.7462001766,4.3939598353,44.6180994991,4.351509928,E09
44.6449003872,4.3939598353,44.6180994991,4.1979899265,E10
44.9322000271,4.8923299493,44.8044999198,4.4187698265,E12
44.6180994991,4.4066697984,44.1274993568,4.0835704244,E13
44.6180994991,4.8055002336,43.9228002707,4.3432473854,E15
44.7389996899,4.3939598353,44.6180994991,4.2080201944,E16
44.7517000435,4.3939598353,44.6180994991,3.8557098962,E17
44.7348004153,4.7623898052,44.5526242967,4.597799616,E18
44.5596002393,4.7451898374,44.4805004296,4.6293501193,E19
44.5596002393,4.7451898374,44.2545999971,4.5649368483,E20
44.3811973485,4.7036603754,44.3610001284,4.6421569336,E29
44.8121126512,4.8419836486,44.7713020032,4.7810099624,E30
44.7601151631,4.8218454291,44.7329724525,4.7397962948,E31
45.3718995611,4.8231699724,45.1854995162,4.6684599434,E04
45.172806,2.45983,44.915684,2.22365,C1537
45.35732,2.45983,44.915684,2.32948,C1538
45.039406,3.105912,44.57341,2.957302,C1507
45.340954,3.088409,45.024452,2.757128,C1524
45.43809,2.559815,45.212307,2.32948,C1535
44.943573,2.45983,44.781273,2.350905,C1511
45.220642,2.446349,44.9257,2.340092,C1502
44.92857,2.447186,44.71108,2.193709,C1505
44.71108,2.196875,44.606674,2.027655,C1515
44.943573,2.507131,44.689217,2.356739,C1506
44.943573,2.45983,44.828136,2.171318,C1504
44.977306,2.840224,44.89664,2.433813,C1521
45.039406,3.105912,44.921932,2.840224,C1522
45.282257,2.867299,44.89983,2.433813,C1532
45.777966,3.147518,45.282257,2.658653,C1508
45.282257,2.658653,45.212307,2.32948,C1533
45.282257,3.088409,45.024452,2.658653,C1531
45.03787,3.221946,44.985313,3.088409,C1523
45.35312,2.478873,44.89983,2.32948,C1536
45.21778,2.494956,45.13828,2.32948,C1534
44.974888,2.45983,44.55559,1.891367,C1503
45.115284,3.100276,44.90494,2.424328,C1501
45.2451396092,4.8737403326,45.2373599552,4.850350436,000001127
45.2470503083,4.9139700908,45.0640295887,4.8138603332,000001129
45.0226794653,5.2937900243,44.9174696292,5.26256036,000001151
44.9268596098,5.4530202895,44.6136296137,4.8415200854,000001333
44.5715894785,5.2770500338,44.2390798353,4.7037401449,000001152
45.0486103358,5.0537800429,44.5595897611,4.7453600679,000001336
44.9674800138,5.4310696303,44.7516701141,5.3624400699,000001155
45.6097294181,5.1395803078,44.3622803121,4.0587301471,000001343
44.3578399491,5.1772104049,44.3109697722,5.0975396123,000001157
44.4843700471,5.3783599409,44.2425294879,5.0802299123,000001344
44.5711796289,4.8187804446,44.1373301321,4.6957401861,000001349
44.3729697539,4.8086202453,44.3495096208,4.7716301998,000001160
44.3163697767,5.8188002599,44.2056096518,5.4646197921,000001350
44.5595897611,5.1395396995,44.2847696626,4.697540401,000001351
44.4198600039,5.1395396995,44.2475096819,4.697540401,000001352
44.3624095742,5.6366000451,44.2056096518,5.0740196062,000001466
45.1811701217,5.0053199171,45.0523601044,4.8962503989,000001162
44.7584501316,5.5597403913,44.5493297467,5.3633297934,000001468
44.2887502978,5.5253500669,44.2520298852,5.4171097359,000001473
44.5715894785,5.0967503712,44.387349399,4.7453600679,000001475
44.4863196922,5.4044501295,44.3830693989,5.3551900325,000001501
44.5160796398,5.3515799729,44.3260903665,5.1395396995,000001510
44.2883597728,4.9308697214,44.2475096819,4.8298497797,000001576
44.3926800734,5.5498896152,44.3178395006,5.4597603096,000001584
44.5589200776,5.3799802735,44.4129894795,5.3448600228,000001591
44.3006501403,5.4592103419,44.2735303894,5.3778599254,000001619
44.6024603057,5.0116404738,44.564900414,4.9667499383,000001636
45.3726897758,4.9503002119,45.2599195159,4.7960796012,000001776
44.898140304,5.1827103841,44.8868397786,5.0184304516,000001801
44.6878803993,5.5977803771,44.6483896303,5.5656101318,000002008
45.0226794653,5.2937900243,44.9784002156,5.2467502779,000002011
44.8530201568,5.2177901882,44.7309996924,5.0154402572,000002017
44.7309996924,5.1342600671,44.5873501958,4.9404004636,000002020
44.5493297467,5.5370300082,44.5045693945,5.4278401891,000002023
44.4513297553,4.9455503474,44.403300078,4.8039397336,000002028
44.2780196691,5.4435200755,44.1677399812,5.0802299123,000002029
44.4843700471,5.5417002382,44.2425294879,4.9876401473,000002032
44.255120229,5.9425398683,44.1745199383,5.4967902837,000002037
45.2753295978,5.1027196732,45.218179915,4.9839303133,000002042
44.1880199524,5.4743697794,44.0906903547,5.3730403904,000002045
44.3878402116,5.3515799729,44.3330894236,4.9876401473,000002048
45.0023300027,5.536809651,44.0462698317,5.0288696286,000002051
44.7265200928,5.4268400904,44.1292904515,5.0208601219,000002054
44.619680225,5.2153900038,44.451349607,5.0284602092,000002057
44.8368604728,5.4085204066,44.7514596252,5.2597997631,000002060
44.663749534,5.6376897257,44.5038600756,5.317669796,000002063
44.7741195776,5.5977803771,44.6483896303,5.4852900372,000002066
44.6660499435,5.8208602786,44.5331700046,5.7061203246,000002069
44.9922295217,5.0154402572,44.7309996924,4.8207698547,000002104
44.4419098524,5.2864802579,44.414379409,5.2655504292,000002107
44.7584501316,5.3633297934,44.5391902891,4.7427899588,000002110
44.842789799,5.0209997887,44.7224302043,4.8914103305,000002111
44.3971603338,4.9008299272,44.3650504237,4.8703897033,000001165
44.7971300675,5.259210352,44.6896398149,5.0080301707,000002114
44.4286696813,5.2188099948,44.3771096299,5.1706096347,000001166
44.414379409,5.2699998561,44.3848796699,5.2347299444,000001171
44.3704897363,5.3515799729,44.3214902719,5.2451002681,000001175
45.3108499578,5.0303499352,45.1547100277,4.8663501165,000001132
44.3810299294,4.7069501853,44.3403498648,4.6900901453,000001176
44.7309996924,5.0633498235,44.523689394,4.9350897003,000001179
44.7553997899,5.0241202738,44.6678102111,4.858140061,000001182
44.613629538,5.1750599253,44.496579595,5.0607397451,000001184
44.964480259,5.4142202583,44.8702395915,5.3706199259,000001185
44.589080326,5.1362997204,44.5781399093,5.077780167,000001187
44.711079829,5.5977803771,44.6483896303,5.4020598282,000001197
44.7561600194,5.368959999,44.5702794657,5.2717497093,000001198
44.4868597513,4.7353000098,44.3688301539,4.697540401,000001199
45.2753295978,5.0766297487,45.218179915,4.9839303133,000001202
44.6983001496,5.2382498174,44.6830197398,5.1971198798,000001206
44.8368604728,5.368959999,44.7561600194,5.2621702379,000001211
45.0511004041,5.4510599062,44.964480259,5.4142202583,000001212
44.6019599052,5.0570203357,44.5782398266,5.0063104426,000001214
44.6513600431,5.0926196793,44.6110895801,5.0066204427,000001216
44.9377495276,5.0241202738,44.7233799128,4.8825203039,000001223
45.2699896377,5.0983404533,45.1914604212,5.0310203605,000001225
45.3402804174,5.0424998911,45.2208597955,4.8523599972,000001230
44.7642703304,5.368959999,44.6929394985,5.2614298246,000001137
44.964480259,5.4365696479,44.8691596137,5.4142202583,000001231
44.6124401724,5.0114698694,44.5419402031,4.9371898821,000001232
44.7896504038,5.368959999,44.7307404597,5.2597997631,000001140
44.5376194244,5.0607397451,44.5234704475,4.9630996731,000001233
44.5604501395,6.090139981,44.2056096518,5.4855600525,000001234
44.9132593711,5.1063298228,44.8744600619,5.0769701044,000001236
45.2134302229,4.9303002965,45.1798000213,4.9059798053,000001237
44.6433299743,4.9712901382,44.6272898086,4.9402303243,000001238
44.4576499534,4.8513096894,44.3458501006,4.697540401,000001242
44.5861602219,4.9340802976,44.5448295394,4.8916897207,000001243
44.7931997371,5.4085204066,44.7516701141,5.3686599944,000001245
45.0257797522,4.9253803333,44.9173493396,4.8473299443,000001246
44.8133298185,5.1652600205,44.7599597066,5.1123798796,000001141
45.0702195586,5.051109799,45.0440704097,4.8601701146,000001247
45.0486194452,4.9253803333,44.9173493396,4.8624300873,000001248
44.2789099773,5.3790498291,44.2522997791,5.2739902501,000001249
44.3006800153,5.542900081,44.2056096518,5.2770500338,000001250
44.8109498801,4.8835999463,44.752359897,4.797930373,000001258
44.7750103542,4.9176999809,44.6921095849,4.7664699512,000001259
44.9377495276,4.9257002029,44.751170315,4.797930373,000001260
44.8223099152,4.9176999809,44.6921095849,4.7924497902,000001261
45.2921503882,4.8868097652,45.1853494469,4.8055301914,000001146
44.7013202556,5.7563098542,44.6651901841,5.6817499292,000001262
44.8098299891,5.3702900086,44.7516701141,5.3120401221,000001263
44.3021899207,5.2739902501,44.2726701793,5.1578700725,000001264
45.0023300027,5.542900081,44.0505594449,5.0477496652,000001265
45.0023300027,5.542900081,44.0556598667,5.0488400346,000001266
44.255120229,5.6439297883,-77.9999998424609,5.4646197921,000001267
44.4360898809,5.0493801168,44.4284003838,5.0177003365,000001271
44.2861696802,4.9482802979,44.2339703145,4.819200219,000001274
45.0389793721,5.2931999794,45.0133702547,5.2434203091,000001277
44.6599599612,5.4295198574,44.6321195927,5.3705200949,000001278
44.5093302103,5.1149299364,44.4766696378,5.0290204053,000001283
45.1965994194,4.9784298857,45.1593002611,4.95027017,000001284
44.4773397575,4.8534199932,44.4439703763,4.8446799919,000001286
44.4188097332,4.904339995,44.2883597728,4.8408502027,000001297
44.7868997048,5.3702900086,44.7516701141,5.31666004,000001298
44.619680225,5.1362997204,44.5848094713,5.0768797957,000001299
44.2780196691,5.3343103089,44.2227494604,5.2601403342,000001300
44.964480259,5.4381900939,44.3624095742,5.1395396995,000001303
44.4843700471,5.3783599409,44.3624095742,5.1395396995,000001307
44.598439746,5.1988799488,44.5557895944,5.1362997204,000001308
45.3074800225,4.9503002119,45.2029600272,4.8133100317,000001312
45.3726897758,5.0424998911,45.1758998978,4.7960796012,000001313
45.2699998593,5.101340062,45.1695303795,4.8140498048,000001314
45.1948696365,4.9155998092,44.9173493396,4.8140498048,000001315
45.0709497342,5.4429597979,44.8952397379,4.8924801096,000001316
45.1236096046,4.9837299318,44.9268596098,4.8924801096,000001317
45.1948696365,5.3274097857,45.0409895478,4.8140498048,000001318
45.0741395876,5.0626903082,45.0179397507,4.8170303316,000001319
45.3399993731,5.1027196732,45.0455700015,4.93058996,000001321
44.6272499563,4.971310319,44.5448295394,4.8515403404,000001148
45.1215494659,5.0543401328,45.0406197354,4.8977202166,000001322
45.2699896377,5.1711197146,45.0486103358,5.0160704359,000001323
45.0486103358,5.0537800429,44.7252196749,4.9815103226,000001327
44.9310996584,5.1652600205,44.7124801436,4.8924801096,000001330
44.8757593137,5.0241202738,44.6752394072,4.7946900197,000001331
44.5855803947,5.2153900038,44.5160796398,4.7461597508,000001150
44.7312901296,5.1342600671,44.5873501958,4.9926202917,000001332
46.7653381029,4.4994294107,46.0239876559,4.0454901711,1020
46.3534616635,6.1369996897,46.0917144414,5.8159643668,1014
46.199494563,5.8249855194,46.1106446073,5.2153765728,1013
46.3899630428,5.8603451099,46.1511947683,5.5585099751,1021
46.2596712637,5.6532817413,46.171285305,5.2153765728,1012
46.2829121843,4.7840467405,45.9837760725,4.7188883065,1011
44.5594378585,5.1399783028,44.3602893547,4.7451065828,1015
44.9919071439,4.9786522085,44.6109492106,4.3892198781,1019
44.9919071439,4.9786522085,44.4052846618,4.1284477739,1017
45.7610637773,4.8629847062,45.2437320961,4.6686263741,1016
44.9919071439,4.9786522085,44.4056451584,4.3434062586,1018
45.5227061887,4.2648268185,45.4886849248,4.2149886905,29
45.612546176,4.4024718489,45.4427633447,4.0481501892,L11
45.4199024898,4.6143516269,45.2962634535,4.3939989632,L12
45.5227061887,4.4024718489,45.3297787476,3.8461440011,L13
45.6149205674,4.0953600838,45.5863577763,4.0481501892,300
45.4150267121,4.4411847393,45.2132907665,4.3435030494,L14
45.8183299123,4.3624817156,45.4795007269,4.1873994357,L15
45.5060695478,4.3947035855,45.41481969,4.1676996149,L16
45.41481969,4.6904693726,45.241231531,4.3939989632,L17
45.6443417997,4.2819151247,45.5268742485,4.1976665704,L10
46.042305694,4.1873994357,45.8183299123,4.0608342275,L20
46.0426189932,4.0967117463,45.8771054673,3.749728995,L21
46.042305694,4.0729436003,45.7406693235,3.9727786758,L22
46.1608069655,4.1783933633,46.0319959228,4.0608342275,L23
46.2067379776,4.3505871126,46.0319959228,4.0608342275,L24
45.7455095939,4.2201234853,45.6049799519,4.0481501892,L30
45.7536637637,4.0774464065,45.6043535852,3.826804573,L31
45.612546176,4.0990202346,45.4245871223,4.039980155,L32
45.8290355023,4.2260953523,45.7215881919,3.7619767235,L33
45.7946525557,4.3528071966,45.7215881919,4.219774981,L34
45.6467466008,4.3914600219,45.6043535852,4.0481501892,L35
45.529916568,4.8729914212,45.3627022972,4.6759595079,L40
45.418383766,4.7454547605,45.241231531,4.5596101766,L41
45.4646981619,4.80179449,45.3182947989,4.6759595079,L42
45.7081041234,5.9203425126,45.570377287,5.9086387362,S06C
45.7645929912,6.1664133095,45.5512311229,5.9086387362,S06A
45.7645929912,6.1664133095,45.6503154902,5.9095737412,S06B
45.570377287,5.91734061,45.4149878924,5.8546484198,S04A
45.5970500364,5.9332842855,45.565037475,5.6073592577,S07
45.5349021471,6.2148752174,45.4321684755,6.0080523133,S03
45.5735359367,6.2148752174,45.4321684755,5.91734061,S03B
45.5958030326,5.9332842855,45.5432375594,5.7616677136,S01
46.56972,3.355295,46.295074,2.575816,ALLIER:Line:B01
46.34562,3.455671,46.124794,2.575816,ALLIER:Line:B02
46.766636,3.355295,46.549225,2.693256,ALLIER:Line:B03
46.659035,3.773199,46.549225,3.287754,ALLIER:Line:B04
46.236904,3.437525,46.086456,3.081363,ALLIER:Line:B05
46.351284,3.815704,46.124794,3.430041,ALLIER:Line:B06
46.339573,2.740318,46.112595,2.575816,ALLIER:Line:B07
46.56972,3.793465,46.32669,3.326722,ALLIER:Line:B08
46.56972,3.387409,46.086456,3.1938,ALLIER:Line:B09
46.47851,2.963284,46.33586,2.575816,ALLIER:Line:B10
46.83727,3.511524,46.549225,3.287754,ALLIER:Line:B11
46.55874,2.609692,46.33747,2.248139,ALLIER:Line:B12
46.56972,3.403603,46.312576,3.287754,ALLIER:Line:B13
46.335938,2.850911,46.288963,2.739418,ALLIER:Line:B14
45.02616,2.532445,44.83864,2.353281,AURILLAC:Line:AURNav39
45.01105,2.481712,44.915733,2.349184,AURILLAC:Line:AURNav40
45.034725,2.54354,44.914524,2.422439,AURILLAC:Line:AURNav53
44.92401,2.582961,44.80595,2.428405,AURILLAC:Line:AURNav50
44.968678,2.533905,44.908794,2.436035,AURILLAC:Line:AURNav49
44.943623,2.487477,44.895885,2.438832,AURILLAC:Line:AURNav34
44.94361,2.541544,44.888893,2.263946,AURILLAC:Line:AURNav44
44.984222,2.445292,44.915733,2.288964,AURILLAC:Line:AURNav41
44.92769,2.541544,44.878277,2.263946,AURILLAC:Line:AURNav45
44.93564,2.462344,44.853336,2.436035,AURILLAC:Line:AURNav52
45.043587,2.589007,44.92401,2.440442,AURILLAC:Line:AURNav51
45.068375,2.656821,44.915733,2.436035,AURILLAC:Line:AURNav48
44.94361,2.613153,44.882744,2.436035,AURILLAC:Line:AURNav47
44.94361,2.459852,44.878277,2.340935,AURILLAC:Line:AURNav46
44.984222,2.459852,44.915733,2.279487,AURILLAC:Line:AURNav43
44.963013,2.44268,44.915733,2.342077,AURILLAC:Line:AURNav42
44.928226,2.445056,44.910152,2.421794,AURILLAC:Line:AURNav38
44.936275,2.444563,44.920704,2.428716,AURILLAC:Line:AURNav37
44.928226,2.445292,44.892437,2.426993,AURILLAC:Line:AURNav35
44.928226,2.463704,44.90142,2.411383,AURILLAC:Line:AURNav36
45.115284,3.100276,44.90494,2.424328,CANTAL:Line:01
45.220642,2.446349,44.198486,2.338978,CANTAL:Line:02
44.974888,2.45983,44.55559,1.891367,CANTAL:Line:03
44.943573,2.45983,44.828136,2.171318,CANTAL:Line:04
44.92857,2.447186,44.71108,2.193709,CANTAL:Line:05
44.943573,2.507131,44.689217,2.356739,CANTAL:Line:06
45.039406,3.105912,44.57341,2.957302,CANTAL:Line:07
45.777966,3.147518,45.282257,2.658653,CANTAL:Line:08
44.943573,2.45983,44.781273,2.350905,CANTAL:Line:11
44.71108,2.196875,44.606674,2.027655,CANTAL:Line:15
44.977306,2.840224,44.89664,2.433813,CANTAL:Line:21
45.039406,3.105912,44.921932,2.840224,CANTAL:Line:22
45.03787,3.221946,44.985313,3.088409,CANTAL:Line:23
45.340954,3.088409,45.024452,2.757128,CANTAL:Line:24
45.282257,3.088409,45.024452,2.658653,CANTAL:Line:31
45.282257,2.867299,44.89983,2.433813,CANTAL:Line:32
45.282257,2.658653,45.212307,2.32948,CANTAL:Line:33
45.21778,2.494956,45.13828,2.32948,CANTAL:Line:34
45.43809,2.559815,45.212307,2.32948,CANTAL:Line:35
45.35312,2.478873,44.89983,2.32948,CANTAL:Line:36
45.172806,2.45983,44.915684,2.22365,CANTAL:Line:37
45.35736,2.45983,44.915684,2.32948,CANTAL:Line:38
45.41398,3.385639,45.290173,3.310448,HAUTE_LOIRE:Line:1630504511805
45.043156,4.407364,44.522697,3.501981,HAUTE_LOIRE:Line:C43Nav1
45.403202,3.385639,45.290745,3.318524,HAUTE_LOIRE:Line:C43Nav4
45.414955,4.393742,45.261066,4.10203,HAUTE_LOIRE:Line:C43Nav8
45.41398,3.404424,45.26422,3.240207,HAUTE_LOIRE:Line:C43Nav9
45.050095,3.999121,44.933556,3.892322,HAUTE_LOIRE:Line:C43Nav10
45.41308,3.564326,44.95991,3.318838,HAUTE_LOIRE:Line:C43Nav11
45.443092,4.399528,45.043156,3.892322,HAUTE_LOIRE:Line:C43Nav12
45.414955,4.393742,45.241726,4.235721,HAUTE_LOIRE:Line:C43Nav13
45.050095,4.057678,45.00986,3.892322,HAUTE_LOIRE:Line:C43Nav14
45.050095,4.053507,44.97011,3.892322,HAUTE_LOIRE:Line:1630501085864
45.443092,4.399528,45.010136,4.289461,HAUTE_LOIRE:Line:C43Nav15
45.231987,4.401326,45.145187,4.122006,HAUTE_LOIRE:Line:C43Nav16
45.043156,3.892322,44.840897,3.781935,HAUTE_LOIRE:Line:C43Nav2
45.145203,4.306491,45.04731,4.122006,HAUTE_LOIRE:Line:1630498329059
45.170895,4.122006,45.043156,3.892322,HAUTE_LOIRE:Line:1630487638313
45.414955,4.393742,45.043156,3.892322,HAUTE_LOIRE:Line:C43Nav17
45.329845,3.845925,45.27772,3.378322,HAUTE_LOIRE:Line:C43Nav3
45.043884,3.892322,44.954865,3.549129,HAUTE_LOIRE:Line:C43Nav5
46.379215,2.605239,46.31751,2.561007,MONTLUCON:Line:D
46.36529,2.622886,46.327396,2.569532,MONTLUCON:Line:B
46.353203,2.611308,46.335957,2.569532,MONTLUCON:Line:A
46.342426,2.609536,46.309887,2.593035,MONTLUCON:Line:G
46.367813,2.619369,46.323074,2.515686,MONTLUCON:Line:C
46.395542,2.623402,46.31051,2.50684,MONTLUCON:Line:F
46.353203,2.617708,46.327396,2.569532,MONTLUCON:Line:DIM
46.372307,2.616412,46.31493,2.587856,MONTLUCON:Line:E
45.85122,5.12511,45.835667,5.048032,MONTLUEL:Line:3CM001
46.6358,3.331,46.5592,3.2976,MOULINS:Line:E
46.57,3.356,46.5305,3.311,MOULINS:Line:F
46.5685,3.3671,46.5061,3.3275,MOULINS:Line:H
46.5677,3.3558,46.5435,3.3275,MOULINS:Line:I
46.5908,3.3558,46.5608,3.3079,MOULINS:Line:D
46.5704,3.356,46.57,3.3345,MOULINS:Line:NCP
46.5686,3.331,46.5493,3.2855,MOULINS:Line:G
46.5923,3.3482,46.5341,3.3079,MOULINS:Line:A
46.6009,3.3692,46.5364,3.2963,MOULINS:Line:C
46.5724,3.3633,46.5483,3.3146,MOULINS:Line:B
45.89745,3.694968,45.77057,3.082716,PUY_DE_DOME:Line:01
45.864475,3.761953,45.38349,3.082716,PUY_DE_DOME:Line:02
45.971127,3.4993,45.77057,3.082716,PUY_DE_DOME:Line:06
45.76185,3.544227,45.702705,3.42604,PUY_DE_DOME:Line:07
45.820667,3.773557,45.785133,3.673474,PUY_DE_DOME:Line:11
45.648476,3.761953,45.540688,3.704496,PUY_DE_DOME:Line:13
45.592194,3.806581,45.540688,3.735122,PUY_DE_DOME:Line:15
45.77057,3.264152,45.332184,3.042155,PUY_DE_DOME:Line:20
45.77057,3.085067,45.667053,2.982036,PUY_DE_DOME:Line:21
45.794342,3.34304,45.72353,3.082716,PUY_DE_DOME:Line:23
45.798954,3.302412,45.74866,3.113382,PUY_DE_DOME:Line:25
46.1496,3.430052,45.8641,3.302318,PUY_DE_DOME:Line:28
45.80148,3.157059,45.654396,3.082716,PUY_DE_DOME:Line:33
45.80148,3.245687,45.642265,3.082716,PUY_DE_DOME:Line:40
45.80148,3.186905,45.633564,3.082716,PUY_DE_DOME:Line:42
45.780045,3.172043,45.589256,3.082716,PUY_DE_DOME:Line:43
45.55386,3.248547,45.509705,2.933792,PUY_DE_DOME:Line:44
45.59709,2.816659,45.542133,2.734097,PUY_DE_DOME:Line:45
45.418797,2.725436,45.381744,2.502438,PUY_DE_DOME:Line:50
45.77057,3.082716,45.648544,2.561712,PUY_DE_DOME:Line:52
45.871082,3.091246,45.77057,2.467838,PUY_DE_DOME:Line:53
46.1336,3.517201,45.960575,3.430027,PUY_DE_DOME:Line:55
46.00416,3.548542,45.84696,3.444576,PUY_DE_DOME:Line:56
45.993427,3.113789,45.77057,3.082716,PUY_DE_DOME:Line:60
46.180424,3.119732,45.77057,2.807851,PUY_DE_DOME:Line:61
45.898052,3.117336,45.77057,3.039522,PUY_DE_DOME:Line:64
45.96996,3.260819,45.77057,3.082716,PUY_DE_DOME:Line:70
45.924423,3.117336,45.77057,3.056022,PUY_DE_DOME:Line:73
45.77844,3.148704,45.50255,2.864818,PUY_DE_DOME:Line:74
45.890053,3.129093,45.84118,3.109884,PUY_DE_DOME:Line:75
45.604626,4.0776,45.52821,3.735122,PUY_DE_DOME:Line:76
45.869797,3.676061,45.785133,3.547945,PUY_DE_DOME:Line:83
45.78623,3.673474,45.757572,3.544227,PUY_DE_DOME:Line:84
45.77274,2.9877,45.77081,2.963339,PUY_DE_DOME:Line:PDDNav1
45.065117,3.902133,45.034344,3.85021,PUY_EN_VELAY:Line:2
45.052948,3.936392,44.99746,3.88397,PUY_EN_VELAY:Line:5
45.05697,3.921947,45.032337,3.843703,PUY_EN_VELAY:Line:3
45.05086,3.896545,45.039726,3.870833,PUY_EN_VELAY:Line:8
45.052948,3.936392,45.019814,3.876895,PUY_EN_VELAY:Line:13
45.053158,3.894578,45.040623,3.875652,PUY_EN_VELAY:Line:10
45.05394,3.994396,44.98486,3.863008,PUY_EN_VELAY:Line:4
45.050377,3.898842,45.04178,3.876514,PUY_EN_VELAY:Line:1
45.050198,3.898842,45.043335,3.888755,PUY_EN_VELAY:Line:15
45.066883,3.909562,45.022976,3.867974,PUY_EN_VELAY:Line:12
45.08226,3.896536,45.043335,3.849725,PUY_EN_VELAY:Line:6
45.06083,3.980752,45.043602,3.893698,PUY_EN_VELAY:Line:11
45.074417,3.928056,45.04313,3.888755,PUY_EN_VELAY:Line:7
45.043774,3.893327,45.02884,3.865355,PUY_EN_VELAY:Line:9
45.050907,3.917308,45.04777,3.878274,PUY_EN_VELAY:Line:14
45.90564,3.131041,45.868893,3.036836,RIOM:Line:1_11
45.96601,3.172777,45.88439,3.108997,RIOM:Line:SCOA_2
45.893967,3.120288,45.846203,3.048666,RIOM:Line:SCOB_2
45.933887,3.119999,45.88056,3.056,RIOM:Line:SCOD_2
45.908806,3.120288,45.86634,3.00538,RIOM:Line:SCOE_2
45.908806,3.10905,45.871387,3.00538,RIOM:Line:SCOE2_1
45.919445,3.072222,45.9128,3.046513,RIOM:Line:SCOG_1
45.892857,3.120352,45.874004,3.066984,RIOM:Line:SCOH_2
45.893967,3.131474,45.882183,3.091989,RIOM:Line:SCOI_1
45.96601,3.174171,45.95885,3.160453,RIOM:Line:SCOJ_2
45.905468,3.120352,45.882183,3.08972,RIOM:Line:SCOL_1
45.901184,3.119999,45.890484,3.104969,RIOM:Line:NAV1_1
45.890564,3.119999,45.880356,3.109929,RIOM:Line:NAV2_1
45.907295,3.227222,45.880356,3.104969,RIOM:Line:SCO20_1
45.925045,3.298453,45.880356,3.104969,RIOM:Line:SCO21_1
45.901184,3.267501,45.850277,3.104969,RIOM:Line:SCO22_2
45.901184,3.200833,45.845,3.104969,RIOM:Line:SCO23_2
45.941994,3.222888,45.88056,3.109077,RIOM:Line:SCO24_2
45.897865,3.220539,45.890484,3.119953,RIOM:Line:SCO25_1
45.927776,3.188253,45.91814,3.158055,RIOM:Line:SCO26_1
45.94277,3.222576,45.935623,3.181344,RIOM:Line:SCO27_1
45.868473,3.259027,45.850277,3.217501,RIOM:Line:SCO28_1
45.896873,3.137599,45.890484,3.108997,RIOM:Line:SCO29_1
45.90124,3.119999,45.88233,3.093888,RIOM:Line:SCO30_1
45.88489,3.045418,45.821255,3.004444,RIOM:Line:SCO40_2
45.916325,3.045418,45.871387,2.940694,RIOM:Line:SCO42_2
45.91111,3.119953,45.8375,2.983472,RIOM:Line:SCO43_2
45.871387,3.054551,45.821827,3.025755,RIOM:Line:SCO44_4
45.86597,2.920091,45.84878,2.881944,RIOM:Line:SCO46_2
45.84878,2.921444,45.820137,2.894874,RIOM:Line:SCO47_1
45.931477,3.120288,45.882183,3.108997,RIOM:Line:SCOC_2
45.890312,3.133198,45.870754,3.109077,RIOM:Line:SCOF_2
45.903915,3.292834,45.899166,3.230843,RIOM:Line:SCO31_1
45.91111,3.017777,45.900276,2.996952,RIOM:Line:SCO45_2
45.91028,3.045418,45.8442,2.982083,RIOM:Line:SCO41_2
45.924335,3.227264,45.888824,3.056,RIOM:Line:3_9
45.896873,3.137599,45.868893,3.036836,RIOM:Line:2_7
45.9294,3.156936,45.886948,3.072146,RIOM:Line:4_7
45.8649,3.5542,45.84582,3.530815,THIERS:Line:A
45.86473,3.548439,45.795193,3.464494,THIERS:Line:B
45.87703,3.548439,45.85123,3.493803,THIERS:Line:C
45.857178,3.50538,45.795193,3.464494,THIERS:Line:E
45.894707,3.540013,45.860382,3.518063,THIERS:Line:F
45.871277,3.590215,45.856785,3.530815,THIERS:Line:G
45.87703,3.51727,45.859524,3.493803,THIERS:Line:H
45.872,3.588782,45.85995,3.55334,THIERS:Line:I
45.8649,3.548439,45.838936,3.490633,THIERS:Line:1
45.88976,3.607846,45.823463,3.370809,THIERS:Line:11
45.884872,3.626473,45.838936,3.490633,THIERS:Line:14
45.859535,3.553141,45.83943,3.49805,THIERS:Line:2
45.87824,3.5542,45.82672,3.486917,THIERS:Line:3
45.861065,3.548439,45.852093,3.541766,THIERS:Line:4
45.307624,5.899191,45.29851,5.886797,FUN_1
45.34223,5.97521,45.25031,5.89901,G4
45.43926,6.02647,45.34223,5.97436,G5
45.47126,6.01603,45.43019,5.97711,G51
45.30929,5.90721,45.30272,5.88639,305
45.2645,5.90676,45.20236,5.79175,G2
45.36433,5.97442,45.25056,5.87305,G3
45.43518,6.01603,45.34223,5.94882,G50
45.40002,6.07712,45.2644,5.87934,G6
45.43738,6.09539,45.37417,6.00798,G60
45.40002,6.09999,45.2724,6.05615,G61
45.18494,5.87402,45.15878,5.78543,G70
45.24266,5.88113,45.22398,5.81802,NVA
45.43926,6.02647,45.2644,5.87934,NVC
46.3792146,2.6052391,46.3175071,2.5610068,D_7
46.3532024,2.611308,46.3359563,2.569532,A_5
46.342425,2.6095363,46.3098867,2.5930351,G_3
46.3678128,2.619369,46.323074,2.5156858,C_7
46.3955439,2.6234019,46.310507,2.506840299,F_4
46.3532024,2.617708,46.327395,2.569532,DIM_3
46.37230741614609,2.639399844,46.26706853735671,2.587855952,E_7
46.3646615,2.6228862,46.327395,2.569532,B_9
46.0891965,6.583268,46.0599594,6.5034448,1
46.0891965,6.58260632,46.059376,6.5034448,2
46.072542,6.5952223,46.0492137,6.5273252,3
46.08412535,6.5888476,46.0599594,6.5034448,4
46.0699763,6.58260632,46.05551,6.514167,5
45.873463,5.966503,45.844037,5.934714,77
45.874678,5.955803,45.840406,5.943423,78
45.871684,5.95009,45.85163,5.932356,79
45.921741,6.120262,45.862906,5.936179,32
45.901307,6.11962,45.841447,5.94047,33
45.7877,3.10863,45.7679,3.05623,11821953316814897
45.8172,3.12918,45.7264,3.08663,11821953316814882
45.7953,3.13898,45.7667,3.06584,11821953316814893
45.7784,3.09905,45.7489,3.06928,11821953316814892
45.8398,3.11366,45.8081,3.06557,11821953316814913
45.7974,3.12949,45.7204,3.05248,11821953316814888
45.7974,3.09945,45.7632,3.04175,11821953316814889
45.8374,3.17224,45.7864,3.09164,11821953316814877
45.7891,3.21035,45.731,3.06293,11821953316814915
45.8149,3.13433,45.7589,3.08172,11821953316814895
45.8441,3.12949,45.7625,3.0774,11822086460801030
45.8514,3.18025,45.7934,3.11288,11821953316814914
45.7711,3.24523,45.7282,3.1968,11822086460801032
45.8021,3.17224,45.7755,3.05248,11821953316814874
45.7997,3.12773,45.7727,3.08425,11821953316814891
45.8025,3.21453,45.7253,3.08812,11821953316814879
45.7627,3.15963,45.7392,3.12917,11822086460801028
45.7801,3.11939,45.7108,3.07029,11821953316814881
45.7822,3.14712,45.725,3.048,11821953316814876
45.7806,3.12982,45.7292,3.0866,11821953316814875
45.8397,3.14448,45.7525,3.09196,11821953316814878
45.8057,3.14187,45.7934,3.11701,11822086460801025
45.7675,3.07566,45.7314,3.05588,11821953316814880
45.8096,3.26594,45.7683,3.09104,11821953316814887
45.7993,3.24523,45.7529,3.09104,11821953316814886
45.845,3.11076,45.7803,3.02573,11821953316814884
45.8546,3.11813,45.7889,3.0745,11821953316814883
45.75,3.11288,45.7447,3.11049,11822086460801060
45.7806,3.11821,45.7567,3.08192,11822086460801031
45.7694,3.21029,45.7119,3.18352,11821953316814885
45.7903,3.08538,45.777,3.07081,11822086460801035
46.56972,3.355295,46.295074,2.575816,C03B01
46.34562,3.455671,46.124794,2.575816,C03B02
46.766636,3.355295,46.549225,2.693256,C03B03
46.659035,3.773199,46.549225,3.287754,C03B04
46.236904,3.437525,46.086456,3.081363,C03B05
46.351284,3.815704,46.124794,3.430041,C03B06
46.339573,2.740318,46.112595,2.575816,C03B07
46.56972,3.793465,46.32669,3.326722,C03B08
46.56972,3.387409,46.086456,3.1938,C03B09
46.47851,2.963284,46.33586,2.575816,C03B10
46.83727,3.511524,46.549225,3.287754,C03B11
46.55874,2.609692,46.33747,2.248139,C03B12
46.56972,3.403603,46.312576,3.287754,C03B13
46.335938,2.850911,46.288963,2.739418,C03B14
45.89745,3.694968,45.77057,3.082716,C63LR01
45.864475,3.761953,45.38349,3.082716,C63LR02
45.971127,3.4993,45.77057,3.082716,C63LR06
45.76185,3.544227,45.702705,3.42604,C63LR07
45.820667,3.773557,45.785133,3.673474,C63LR11
45.648476,3.761953,45.540688,3.704496,C63LR13
45.592194,3.806581,45.540688,3.735122,C63LR15
45.77057,3.264152,45.332184,3.042155,C63LR20
45.77057,3.085067,45.667053,2.982036,C63LR21
45.794342,3.34304,45.72353,3.082716,C63LR23
45.798954,3.302412,45.74866,3.113382,C63LR25
46.1496,3.430052,45.8641,3.302318,C63LR28
45.80148,3.157059,45.654396,3.082716,C63LR33
45.80148,3.245687,45.642265,3.082716,C63LR40
45.80148,3.186905,45.633564,3.082716,C63LR42
45.780045,3.172043,45.589256,3.082716,C63LR43
45.55386,3.248547,45.509705,2.933792,C63LR44
45.59709,2.816659,45.542133,2.734097,C63LR45
45.418797,2.725436,45.381744,2.502438,C63LR50
45.77057,3.082716,45.648544,2.561712,C63LR52
45.871082,3.091246,45.77057,2.467838,C63LR53
46.1336,3.517201,45.960575,3.430027,C63LR55
46.00416,3.548542,45.84696,3.444576,C63LR56
45.993427,3.113789,45.77057,3.082716,C63LR60
46.180424,3.119732,45.77057,2.807851,C63LR61
45.898052,3.117336,45.77057,3.039522,C63LR64
45.96996,3.260819,45.77057,3.082716,C63LR70
45.924423,3.117336,45.77057,3.056022,C63LR73
45.77844,3.148704,45.50255,2.864818,C63LR74
45.890053,3.129093,45.84118,3.109884,C63LR75
45.604626,4.0776,45.52821,3.735122,C63LR76
45.869797,3.676061,45.785133,3.547945,C63LR83
45.78623,3.673474,45.757572,3.544227,C63LR84
45.77274,2.9877,45.77081,2.963339,C63LRPDDNav1
45.043156,4.407364,44.522697,3.501981,C43Nav1
45.050095,3.999121,44.933556,3.892322,C43Nav10
45.41308,3.564326,44.95991,3.318838,C43Nav11
45.443092,4.399528,45.043156,3.892322,C43Nav12
45.414955,4.393742,45.241726,4.235721,C43Nav13
45.050095,4.057678,45.00986,3.892322,C43Nav14
45.443092,4.399528,45.010136,4.289461,C43Nav15
45.231987,4.401326,45.145187,4.122006,C43Nav16
45.414955,4.393742,45.043156,3.892322,C43Nav17
45.043156,3.892322,44.840897,3.781935,C43Nav2
45.329845,3.845925,45.27772,3.378322,C43Nav3
45.403202,3.385639,45.290745,3.318524,C43Nav4
45.043884,3.892322,44.954865,3.549129,C43Nav5
45.414955,4.393742,45.261066,4.10203,C43Nav8
45.41398,3.404424,45.26422,3.240207,C43Nav9
45.704716,5.915096,45.64069,5.859543,01
45.723186,5.92972,45.642918,5.904963,02
45.692287,5.927317,45.676403,5.902413,03
45.704716,5.916798,45.643406,5.859543,DIM
45.71431,5.92708,45.647507,5.891416,10
45.704716,5.943589,45.65302,5.89123,11
45.70787,5.928866,45.615875,5.880482,12
45.710354,5.93334,45.627502,5.891239,13
45.741905,5.93839,45.715076,5.917485,14
45.720806,5.938032,45.675724,5.923559,15
45.754578,5.879902,45.592876,5.82058,16
45.655144,5.879902,45.592876,5.859543,17
45.68157,5.920315,45.594715,5.848846,18
45.741905,5.942973,45.666946,5.910847,19
45.70341,5.912472,45.6635,5.89148,20
45.755047,5.912472,45.6635,5.878193,21
45.708256,5.971007,45.666946,5.909837,22
45.707684,5.955568,45.69575,5.942794,23
45.74786,6.012444,45.72065,5.928816,24
45.736835,5.992064,45.712612,5.928816,25
45.723248,5.971007,45.701447,5.92972,26
45.720806,5.956475,45.69575,5.928816,27
45.74693,6.005758,45.666946,5.909837,28
45.71431,5.927544,45.685722,5.891299,29
45.786327,5.947101,45.692963,5.895995,31
46.206203,6.287635,46.1824,6.23299,T2
46.20084,6.246554,46.1824,6.19728,3
46.20439,6.249383,46.163425,6.187295,4
46.19887,6.352191,46.141907,6.231416,5
46.204403,6.262255,46.18269,6.19728,6
46.251427,6.328787,46.1824,6.241477,7
46.19887,6.318911,46.168777,6.23299,8
46.204403,6.262255,46.182396,6.19728,DA
46.182713,6.238851,46.159706,6.181938,LV4
46.251427,6.328787,46.206203,6.287635,LV3
46.229446,6.332258,46.18693,6.286327,LV1
46.20154,6.335297,46.162334,6.285456,LV2
46.19887,6.320495,46.141907,6.237043,CHAL
45.767771806771,5.0763390571,45.721123982577,4.862040055391,RXa10
45.7677503534,5.0763390571,45.721123982577,4.862040055391,RXr10
45.674268011415,4.816449671854,45.642065995956,4.791785048364,J2a30
45.674268011415,4.825983429436,45.638486923442,4.784458886036,J2r30
45.695263469872,4.95916006434,45.631798941763,4.932948345988,J3a33
45.695263469872,4.95916006434,45.631798941763,4.932948345988,J3r33
45.684582030533,4.95916006434,45.631798941763,4.932948345988,J3a15
45.684393003938,4.95916006434,45.631798941763,4.932948345988,J3r15
45.657865034039,5.034912954587,45.62886699864,4.932948345988,J4a7
45.657646984078,5.034860036259,45.628892038247,4.932948345988,J4r7
45.675087656384,4.826242940163,45.638486923442,4.770190945099,J6a20
45.675087656384,4.826242940163,45.638486923442,4.770768520354,J6r20
45.736231958756,5.016129041649,45.686699987727,4.93666595231,J8a20
45.736231958756,5.016129041649,45.686699987727,4.936752302391,J8r20
45.749685171665,4.827164619163,45.666488643143,4.79161792004,J10a18
45.749799146903,4.825678327286,45.666488643143,4.79161792004,J10r18
45.733611301761,4.904075995244,45.659963971269,4.812825354753,J11a29
45.728215968134,4.903903996734,45.639438985556,4.81597099428,J11r29
45.733611301761,4.812825354753,45.709853998741,4.742661683077,J12a7
45.674268011415,4.826242940163,45.638486923442,4.785086320794,J15a32
45.674268011415,4.825983429436,45.638486923442,4.799540065317,J15r32
45.733611301761,4.902451864048,45.660032450409,4.812825354753,J16a6
45.728215968134,4.903109482666,45.660627374654,4.81597099428,J16r6
45.731619968713,5.215798987752,45.687789997823,5.002524946725,J19a5
45.731766994782,5.215798987752,45.688065994723,5.001792445697,J19r5
45.709487022794,4.862493033752,45.697334958023,4.856886974487,J21a9
45.709487022794,4.862493033752,45.697334958023,4.856886974487,J21r9
45.714119997339,4.863758528804,45.697334958023,4.85492503036,J22a13
45.713821970456,4.86378832129,45.697334958023,4.855013034471,J22r13
45.760623003555,5.304568007968,45.563677036032,4.977399004936,J25a9
45.760684000632,5.304568007968,45.563677036032,4.977399004936,J25r9
45.725026986691,5.128153036432,45.675141986267,5.034939960223,J27a5
45.725026986691,5.128153036432,45.675068004955,5.034939960223,J27r5
45.693386213577,5.034270980813,45.641366011834,4.940360252902,J28a3
45.693386213577,5.034538992232,45.641139013044,4.940360252902,J28r3
45.781445576802,4.786142528257,45.765532742746,4.759528360597,J31a12
45.781445576802,4.786142528257,45.765532742746,4.759528360597,J31r12
45.838504960619,4.786923729788,45.780993395242,4.741670938469,J32a29
45.838504960619,4.786923729788,45.780993395242,4.741670938469,J32r29
45.817256030256,4.786923729788,45.780993395242,4.7530917078,J33a25
45.817256030256,4.786923729788,45.780993395242,4.7530917078,J33r25
45.843100399201,4.786923729788,45.792173728333,4.768583956527,J35a16
45.842994243555,4.786923729788,45.792173728333,4.768583956527,J35r16
45.822655104316,4.786923729788,45.792173728333,4.732741060898,J36a19
45.822655104316,4.786923729788,45.792173728333,4.733807019136,J36r19
45.815812021827,4.786142528257,45.776755988309,4.750673225256,J38a7
45.78334699378,4.786142528257,45.776602033636,4.766049445122,J38r7
45.730786016718,4.810818006984,45.716581013702,4.790082051845,J41a14
45.730842335627,4.81083308331,45.716581013702,4.790082051845,J41r14
45.811002385794,4.815884693453,45.786393033551,4.787342317793,J53a17
45.810180765065,4.815884693453,45.786332979963,4.787226666072,J53r17
45.824551446577,4.840602027209,45.794391731666,4.815884693453,J54a29
45.824670060037,4.840495203008,45.794391731666,4.815884693453,J54r29
45.807916996299,4.837405941543,45.794391731666,4.815884693453,J55a9
45.807651971356,4.837483979452,45.794391731666,4.815884693453,J55r9
45.830406550266,4.848547789918,45.794391731666,4.815884693453,J56a25
45.830553673338,4.848462158465,45.794391731666,4.815884693453,J56r25
45.825751071744,4.817720058788,45.794391731666,4.794512977391,J57a12
45.825751071744,4.817728061343,45.794391731666,4.794113958126,J57r12
45.861385036183,4.817413682486,45.794391731666,4.791555947826,J58a21
45.861385036183,4.817109162129,45.794391731666,4.791541004708,J58r21
45.852236401036,4.878041006385,45.768950149769,4.81851924019,J61a26
45.851883388643,4.878155043769,45.769223658137,4.816882017193,J61r26
45.819394694713,4.908532680018,45.779619911545,4.821625111276,J62a21
45.819397800915,4.908790306481,45.779588596474,4.821006210972,J62r21
45.835699831374,4.911536819799,45.773184019777,4.821625111276,J63a19
45.876899693167,4.854739005032,45.815067011262,4.824956947882,J70a20
45.876899693167,4.854726115521,45.815618987657,4.824956947882,J70r20
45.870413688706,4.854739005032,45.799331913518,4.819620704451,J71a53
45.870413688706,4.854726115521,45.799906969237,4.819667012526,J71r53
45.875783014314,4.845768060021,45.838005039624,4.824956947882,J72a30
45.875597019974,4.845761064025,45.838005039624,4.824956947882,J72r30
45.876899693167,4.878155043769,45.817876045221,4.842009341202,J73a32
45.876899693167,4.878041006385,45.817098834373,4.845761064025,J73r32
45.876899693167,4.876875839421,45.83555213998,4.842009341202,J74a24
45.876899693167,4.877236019518,45.835861033875,4.846660417135,J74r24
45.876899693167,4.861462043837,45.844210850045,4.842009341202,J75a13
45.876899693167,4.861462043837,45.844210850045,4.846660417135,J75r13
45.876899693167,4.877445047681,45.833764995287,4.842009341202,J76a17
45.876899693167,4.877419994376,45.833704981492,4.846660417135,J76r17
45.870413688706,4.842009341202,45.814325408898,4.742446994713,J77a14
45.869557017881,4.844680061366,45.814468450239,4.742264992415,J77r14
45.90340604082,4.845768060021,45.869335986715,4.828726024213,J78a35
45.904028020737,4.845768060021,45.869335986715,4.828843160903,J78r35
45.876899693167,4.878006048148,45.821815044426,4.847034969403,J79r16
45.851883388643,4.908532680018,45.818566493847,4.867783875612,J81a19
45.851883388643,4.908532680018,45.819394694713,4.867783875612,J81r19
45.76584202432,4.812606347713,45.753158980229,4.791640828145,J92a7
45.76584202432,4.812755055554,45.753158980229,4.791640828145,J92r7
45.756849866668,4.814565726136,45.728316811675,4.775170474464,J100a6
45.708130130807,4.872852781219,45.591072000898,4.759652011315,J111a24
45.709228885832,4.872822149541,45.591072000898,4.759652011315,J111r24
45.736231958756,5.016129041649,45.716724966202,4.977399004936,J120a8
45.736231958756,5.016129041649,45.716451036388,4.977058951419,J120r8
45.77254496934,5.016129041649,45.731784961858,4.961595813132,J121a36
45.788957482481,5.016129041649,45.731784961858,4.96078218497,J121r36
45.788957482481,5.018314480616,45.731784961858,4.99298421786,J122a27
45.78164802194,5.018964031469,45.731784961858,5.000641122294,J122r27
45.799905148575,5.059485594482,45.731784961858,5.012778044311,J123a11
45.799930475303,5.060297679861,45.731784961858,5.012778044311,J123r11
45.747000835881,5.016129041649,45.73576907128,4.923958735673,J125a24
45.747164977129,5.016129041649,45.736008994436,4.923785038755,J125r24
45.760623003555,5.128153036432,45.715183983482,5.012638015974,J126a7
45.760684000632,5.128153036432,45.714783011372,5.012638015974,J126r7
45.808084955073,5.088494058188,45.728884025801,5.012638015974,J127a11
45.808084955073,5.088494058188,45.728884025801,5.012638015974,J127r11
45.736231958756,5.04732194992,45.678626958928,5.004206977419,J128a2
45.736231958756,5.04732194992,45.678626958928,5.00374997601,J128r2
45.764503023427,5.075751990062,45.728884025801,5.012638015974,J129a7
45.764403965059,5.075805064886,45.728884025801,5.012638015974,J129r7
45.733611301761,4.853609455335,45.639611977155,4.812825354753,J13Aa6
45.728215968134,4.85345400833,45.639438985556,4.81597099428,J13Ar6
45.751720870363,5.020973948811,45.719687166356,4.876051983428,J130a10
45.751720870363,5.020931189339,45.719685333602,4.876051983428,J130r10
45.751720870363,4.917710357621,45.727601347785,4.876051983428,J132a24
45.751720870363,4.917539012075,45.727436404959,4.876051983428,J132r24
45.751720870363,4.962294001935,45.664089712293,4.873972299154,J133a22
45.751720870363,4.962542572337,45.66404685261,4.868614969732,J133r22
45.768710954659,5.009407061941,45.749604995138,4.876051983428,J135a26
45.788957482481,5.009169372259,45.749433007273,4.876051983428,J135r26
45.788957482481,4.996372397768,45.743416142036,4.873972299154,J136a32
45.771060371082,4.972344957245,45.743975159911,4.876051983428,J137a25
45.771182037079,4.971966050577,45.743705973499,4.876051983428,J137r25
45.794062014036,4.84359443654,45.791688525489,4.823536769515,J140a7
45.794248970968,4.843320065047,45.790428506422,4.821303032929,J140r7
45.823594995459,4.795784969253,45.770462160583,4.750525303831,J151a22
45.823761204048,4.795516960075,45.770462160583,4.750553972577,J151r22
45.777825003143,4.748607495848,45.759378891291,4.690772353607,J161a10
45.777803027487,4.748607495848,45.758211097268,4.689515027875,J161r10
45.76874527559,4.748607495848,45.737972450289,4.715764015234,J162a29
45.76874527559,4.748607495848,45.737804977281,4.715695022886,J162r29
45.76874527559,4.748607495848,45.758187446575,4.706196036184,J163a20
45.76874527559,4.748607495848,45.739262985861,4.721426554562,J164a22
45.76874527559,4.748607495848,45.709154337133,4.682002879835,J165a24
45.76874527559,4.748607495848,45.709279029321,4.682002879835,J165r24
45.76874527559,4.748607495848,45.719904311777,4.693642023856,J166a16
45.76874527559,4.748607495848,45.718697979855,4.693572002386,J166r16
45.76874527559,4.748607495848,45.740462991736,4.664030998084,J167a10
45.76874527559,4.748607495848,45.741671043656,4.664126955817,J167r10
45.76874527559,4.755833332671,45.747331484049,4.736033845878,J168a7
45.76874527559,4.756113737634,45.747359878561,4.722807214519,J168r7
45.76874527559,4.748607495848,45.72291402245,4.690650010854,J169a3
45.823594995459,4.759516643523,45.759519950648,4.750525303831,J171a23
45.823761204048,4.759873026453,45.759519950648,4.750553972577,J171r23
45.790359023395,4.78278743491,45.759519950648,4.759030492515,J172a23
45.790359023395,4.782717863242,45.759519950648,4.759030492515,J172r23
45.759519950648,4.759030492515,45.73421895608,4.711633048459,J173a18
45.759519950648,4.759030492515,45.733406117245,4.709836480195,J173r18
45.785517585581,4.775450143617,45.759519950648,4.759030492515,J174a18
45.785634209406,4.775565089771,45.759519950648,4.759030492515,J174r18
45.806915322112,4.764794706333,45.759519950648,4.7530917078,J176a9
45.806325019755,4.76483644453,45.759519950648,4.7530917078,J176r9
45.759519950648,4.759030492515,45.740462991736,4.690811977161,J177a4
45.759519950648,4.759030492515,45.741671043656,4.690650010854,J177r4
45.788899979671,4.790467978043,45.759519950648,4.759030492515,J178a4
45.788625037969,4.790043059629,45.759519950648,4.759030492515,J178r4
45.824670060037,4.840495203008,45.797817019137,4.794427310957,J181a20
45.824551446577,4.840602027209,45.798132031502,4.794427310957,J181r20
45.845685835851,4.848547789918,45.809202011599,4.794427310957,J182a18
45.845792029629,4.848462158465,45.809202011599,4.794427310957,J182r18
45.834697247442,4.797451029959,45.789411523947,4.771442967512,J183a23
45.834771341153,4.797138027103,45.789443001022,4.771404988714,J183r23
45.865716971471,4.794427310957,45.809202011599,4.742446994713,J184a13
45.864730030369,4.794427310957,45.809202011599,4.742264992415,J184r13
45.87592665718,4.838588172486,45.809202011599,4.791555947826,J185a8
45.875783014314,4.83847397268,45.809202011599,4.791541004708,J185r8
45.87123085538,4.794427310957,45.809202011599,4.748600163958,J186a13
45.871313833983,4.794427310957,45.809202011599,4.748088393727,J186r13
45.820355954186,4.827182304562,45.809202011599,4.794427310957,J187a8
45.820511981172,4.827181061627,45.809202011599,4.794427310957,J187r8
45.729579886981,4.887748644495,45.664944623727,4.853905034977,J190a21
45.729579886981,4.887478211638,45.664944623727,4.853905034977,J190r21
45.729579886981,4.957451889583,45.69007171571,4.853905034977,J192a30
45.729579886981,4.957509060728,45.690158048568,4.853905034977,J192r30
45.727842548385,5.034270980813,45.641366011834,4.851636637881,J195a3
45.727842548385,5.034538992232,45.641139013044,4.851636637881,J195r3
45.820028991164,4.820226038982,45.772429380423,4.808489031378,J200a2
45.82010901707,4.820387166886,45.772633962795,4.808662048344,J200r2
45.823684948121,4.907063117781,45.773184019777,4.821980021857,J201a22
45.801535153477,4.875395796285,45.773184019777,4.821980021857,J202a19
45.801500923845,4.874079043603,45.773184019777,4.821980021857,J202r19
45.801096074885,4.860194033355,45.773184019777,4.821980021857,J203a17
45.800725494477,4.860831608788,45.773184019777,4.821980021857,J203r17
45.825751071744,4.820226038982,45.772429380423,4.794089656277,J204a20
45.825751071744,4.820226038982,45.772633962795,4.794113958126,J204r20
45.801456999428,4.862161961713,45.773184019777,4.821980021857,J205a7
45.801382768272,4.862092530147,45.773184019777,4.821980021857,J205r7
45.797016663695,4.843219733035,45.773184019777,4.821980021857,J206a6
45.797277824122,4.843617697061,45.773184019777,4.821980021857,J206r6
45.814473001455,4.820939053728,45.772429380423,4.813249051422,J207a7
45.814564258283,4.82109297637,45.772633962795,4.813293995901,J207r7
45.824670060037,4.840157170751,45.772429380423,4.813249051422,J208a6
45.824670060037,4.840157170751,45.772633962795,4.813293995901,J208r6
45.80520534496,4.853400420238,45.773184019777,4.821980021857,J209a2
45.805432020421,4.853720978359,45.773184019777,4.821980021857,J209r2
45.741089037752,4.77587602559,45.730246969445,4.739510489934,J211a19
45.740542028732,4.77529082635,45.730246969445,4.739510489934,J211r19
45.750474038721,4.77587602559,45.741089037752,4.753860294756,J212a18
45.750503031221,4.774173956176,45.740542028732,4.753860294756,J212r18
45.705404881282,4.88200103174,45.688421297988,4.871469072594,J221a6
45.705621871463,4.881673031947,45.688392865771,4.871223215522,J221r6
45.81429395681,4.827164619163,45.749685171665,4.770146370305,J231a11
45.81429395681,4.825678327286,45.749799146903,4.770146370305,J231r11
45.937200881386,4.835194975368,45.838005039624,4.785263764935,J241a19
45.937200881386,4.835057630231,45.838005039624,4.785263764935,J241r19
45.937200881386,4.838506957032,45.876336045702,4.785263764935,J242a13
45.937200881386,4.837777373532,45.878213031611,4.785263764935,J242r13
45.937200881386,4.845042959663,45.882915986032,4.785263764935,J243a4
45.937200881386,4.845104403208,45.882710929334,4.785263764935,J243r4
45.937200881386,4.787087038751,45.911420031954,4.774961560072,J244a2
45.937200881386,4.787634962182,45.911327994378,4.774914914423,J244r2
45.741967932359,5.151404952338,45.62853399595,4.962759145439,J251a7
45.741913982361,5.151404952338,45.62853399595,4.962702597671,J251r7
45.808084955073,5.151404952338,45.62853399595,4.998229016835,J252a7
45.808084955073,5.151404952338,45.62853399595,4.99678816229,J252r7
45.70605400127,5.151404952338,45.62853399595,4.957509060728,J253a7
45.705916991605,5.151404952338,45.62853399595,4.957451889583,J253r7
45.660268014786,5.151404952338,45.62853399595,4.976201971859,J254a6
45.660309996657,5.151404952338,45.62853399595,4.976193986372,J254r6
45.71224954351,4.867145048688,45.681425021234,4.798227685701,J260a14
45.710777129226,4.867145048688,45.681425021234,4.798227685701,J260r14
45.71224954351,4.809485758176,45.649871964304,4.787596194422,J261a27
45.710777129226,4.809485758176,45.649395654338,4.787645901601,J261r27
45.71224954351,4.860769983056,45.675082978252,4.798227685701,J262a28
45.710777129226,4.861430153034,45.639438985556,4.798227685701,J262r28
45.71224954351,4.861478582528,45.639438985556,4.798227685701,J263a26
45.710777129226,4.861430153034,45.639438985556,4.798227685701,J263r26
45.71224954351,4.825600234174,45.642034960494,4.785086320794,J264a19
45.712892973126,4.825549329165,45.642065995956,4.784458886036,J264r19
45.71224954351,4.826242940163,45.638486923442,4.794905716074,J266a23
45.710777129226,4.825983429436,45.638486923442,4.798227685701,J266r23
45.713821970456,4.857949809539,45.697775201043,4.798227685701,J267a20
45.714119997339,4.85811964809,45.697380790994,4.798227685701,J267r20
45.721651509606,4.809485758176,45.709853998741,4.742661683077,J268a11
45.721651509606,4.809485758176,45.698965157624,4.740042362315,J268r11
45.716919054904,4.809485758176,45.698652411098,4.739941636982,J269a10
45.716983118067,4.809485758176,45.698965157624,4.740042362315,J269r10
45.817015975582,4.722915207505,45.801745910452,4.666301253481,J271a10
45.817046980977,4.723307227137,45.801693319131,4.666301253481,J271r10
45.817015975582,4.722915207505,45.811456970853,4.666301253481,J272a8
45.817046980977,4.723307227137,45.811412983152,4.666301253481,J272r8
45.733611301761,4.812825354753,45.698652411098,4.73831035516,J282a5
45.724388023628,4.811008944881,45.698965157624,4.740042362315,J282r5
45.799905148575,5.059485594482,45.763987395371,4.96078218497,J291a20
45.799930475303,5.060297679861,45.763884703079,4.961966744135,J291r20
45.808084955073,5.088494058188,45.758066037333,4.974855050806,J293a8
45.808084955073,5.088494058188,45.758037965699,4.974089046124,J293r8
45.772365034258,5.009307984612,45.716724966202,4.974855050806,J294a4
45.77254496934,5.020973948811,45.716451036388,4.974089046124,J294r4
45.772365034258,5.020931189339,45.727990005533,4.974855050806,J295a2
45.77254496934,5.020973948811,45.727952025235,4.974089046124,J295r1
45.772365034258,5.020931189339,45.727990005533,4.974855050806,J295a1
45.772365034258,5.007548161886,45.730117834255,4.974855050806,J296a1
45.77254496934,5.020973948811,45.716724966202,4.974089046124,J296r1
45.82150969186,4.774490855738,45.769464515928,4.7510908902,J301a24
45.821774494745,4.774490855738,45.769464515928,4.751334253681,J301r24
45.810180765065,4.799901976347,45.769464515928,4.774490855738,J302a26
45.811002385794,4.799901976347,45.769464515928,4.774490855738,J302r26
45.835901999906,4.78278743491,45.769464515928,4.746238956448,J303a28
45.835901999906,4.782717863242,45.769464515928,4.746238956448,J303r28
45.811571899204,4.774490855738,45.769464515928,4.718218589896,J304a18
45.811589066963,4.774490855738,45.769464515928,4.718257947542,J304r18
45.817046980977,4.774490855738,45.765429961955,4.70496098969,J305a19
45.817015975582,4.774490855738,45.765830003302,4.705672014821,J305r19
45.864730030369,4.788989506749,45.769464515928,4.732892978525,J306a11
45.865716971471,4.789130062445,45.769464515928,4.733737013072,J306r11
45.856037649281,4.878126002373,45.830701957364,4.851581098879,J311a15
45.856269391737,4.878006048148,45.830701957364,4.851581098879,J311r15
45.876349164146,4.851581098879,45.830701957364,4.824956947882,J313a16
45.87648176107,4.851581098879,45.830701957364,4.824956947882,J313r16
45.847297982831,4.878155043769,45.830701957364,4.848355062498,J314a13
45.847335962762,4.878041006385,45.830701957364,4.847192959812,J314r13
45.830701957364,4.851581098879,45.807916996299,4.828675140302,J315a24
45.830701957364,4.851581098879,45.807651971356,4.828675140302,J315r24
45.799905148575,5.059485594482,45.763706981295,5.015627022666,J321a23
45.799930475303,5.060297679861,45.763706981295,5.015627022666,J321r23
45.788957482481,5.015627022666,45.763706981295,4.989588482618,J322a4
45.788957482481,5.015627022666,45.763706981295,4.990865977884,J322r4
45.742099793901,4.977001672689,45.738072974549,4.922093032664,J331a11
45.747136276587,4.971795985003,45.738072974549,4.922093032664,J332a4
45.73747128724,5.128153036432,45.675141986267,4.917710357621,J333a6
45.73747128724,5.128153036432,45.675068004955,4.917539012075,J333r6
45.721949270343,4.704050596153,45.679428958874,4.640647363352,J341a14
45.721949270343,4.704050596153,45.679472015259,4.640647363352,J341r14
45.751117825549,4.706087611716,45.721949270343,4.664030998084,J343a10
45.751152982625,4.706127696874,45.721949270343,4.664126955817,J343r10
45.760800379054,4.706196036184,45.721949270343,4.691184720909,J344a4
45.760848010009,4.705726022584,45.721949270343,4.691863032032,J344r4
45.766757667253,4.733820368453,45.731820206704,4.661327297629,J351a13
45.766757667253,4.733820368453,45.731800891289,4.661390743359,J351r13
45.732662652814,4.751918739326,45.700636197389,4.661390743359,J352a17
45.73421895608,4.752507890255,45.70059650658,4.661327297629,J352r17
45.74736421178,4.729221250381,45.731800891289,4.661390743359,J353a12
45.747329944045,4.728821120114,45.731820206704,4.661327297629,J353r12
45.731800891289,4.693642023856,45.678652452871,4.640647363352,J354a16
45.731820206704,4.693642023856,45.678652452871,4.640647363352,J354r16
45.757486430785,4.724119589301,45.731820206704,4.661327297629,J355a2
45.758433711326,4.722746228111,45.731820206704,4.661327297629,J355r2
45.790121081125,4.708514693369,45.731800891289,4.661390743359,J356a10
45.790081853798,4.708667395057,45.731820206704,4.661327297629,J356r10
45.747401034661,4.756782043563,45.731800891289,4.661390743359,J357a9
45.747351083419,4.755833332671,45.731820206704,4.661327297629,J357r9
45.778583372084,4.702048430284,45.731800891289,4.661390743359,J358a8
45.778450996269,4.701624032661,45.731820206704,4.661327297629,J358r8
45.748512240225,4.703354245876,45.722971961399,4.661327297629,J359a3
45.748490511762,4.703434025706,45.722874966269,4.661390743359,J359r3
45.785894649015,4.726391273258,45.740462991736,4.690811977161,J361a9
45.786034994332,4.726391273258,45.741671043656,4.690650010854,J361r9
45.790121081125,4.726391273258,45.745250956402,4.690772353607,J363a11
45.790081853798,4.726391273258,45.745250956402,4.689515027875,J363r11
45.790121081125,4.726391273258,45.745250956402,4.702439048577,J364a5
45.790081853798,4.726391273258,45.745250956402,4.702766950308,J364r5
45.864730030369,4.744253413093,45.839495518242,4.714513956856,J370a2
45.864730030369,4.744253413093,45.839495518242,4.714513956856,J370r2
45.85962595698,4.717945003558,45.815643038487,4.714513956856,J371a1
45.85962595698,4.717649026176,45.815431037236,4.714513956856,J371r1
45.778535978494,4.869017839753,45.727440984918,4.823613404501,J390a17
45.778699963554,4.869022420602,45.727440984918,4.823613404501,J390r17
45.772365034258,4.974855050806,45.727578007184,4.823726011274,J391a36
45.77254496934,4.974089046124,45.727440984918,4.823613404501,J391r36
45.819394694713,4.908532680018,45.727440984918,4.823613404501,J392a25
45.819397800915,4.908790306481,45.727440984918,4.823613404501,J392r25
45.820355954186,4.846116037488,45.727440984918,4.787226666072,J393a36
45.820511981172,4.846818011139,45.727578007184,4.787342317793,J393r36
45.773139413725,4.859150219666,45.727440984918,4.823613404501,J394a24
45.773248545171,4.859456166036,45.726584957467,4.824267958655,J394r24
45.775759891143,4.833258091754,45.727440984918,4.739510489934,J395a25
45.77566796134,4.833120873359,45.727578007184,4.739510489934,J395r25
45.729618001138,4.941990985648,45.67547001314,4.823726011274,J396a34
45.727440984918,4.942209134011,45.67547001314,4.823613404501,J396r34
45.776671973158,4.890036181988,45.727440984918,4.823613404501,J397a35
45.776671973158,4.890036181988,45.727440984918,4.823613404501,J397r35
45.73581500766,4.823613404501,45.718332974826,4.788708552304,J398a32
45.735835026389,4.823613404501,45.718159025978,4.786205013441,J398r32
45.727440984918,4.823613404501,45.644217578367,4.781847043061,J399a11
45.726584957467,4.824267958655,45.643609018442,4.781735955861,J399r11
45.784008985103,4.768849946295,45.758957983304,4.717899623409,J412a11
45.784008985103,4.768386959688,45.758851988662,4.717899623409,J412r11
45.789258359037,4.768849946295,45.758957983304,4.742317939988,J413a8
45.817015975582,4.768386959688,45.758851988662,4.705672014821,J413r8
45.688528917563,4.826242940163,45.638486923442,4.786410007912,J441a30
45.688528917563,4.825983429436,45.638486923442,4.784858918669,J441r30
45.710829321593,4.79161792004,45.666488643143,4.640647363352,J442a11
45.710901261097,4.79161792004,45.666488643143,4.640647363352,J442r11
45.709785071844,4.794952352024,45.694860172252,4.779171718512,J451a11
45.709785071844,4.794750909759,45.694844717453,4.779171718512,J451r11
45.709785071844,4.794952352024,45.694860172252,4.779171718512,J451a10
45.709785071844,4.794750909759,45.694844717453,4.779171718512,J451r10
45.700685973861,4.79560881332,45.694473220652,4.778813762947,J461a8
45.701737770555,4.796079696135,45.694473220652,4.778813762947,J461r8
45.85140265366,5.066702470507,45.791344805441,5.047331945985,J471a12
45.85140265366,5.066702470507,45.7908443687,5.046969037891,J471r12
45.85140265366,5.087272066136,45.7493040337,5.066702470507,J472a2
45.851410083175,5.087272066136,45.749052021462,5.066767252025,J472r2
45.648390977725,4.864729903618,45.63487149062,4.837606024972,J481a10
45.648390977725,4.864729903618,45.63487149062,4.837606024972,J481r10
45.697892851011,4.686149289141,45.657577961493,4.554118963509,J501a5
45.697731253029,4.686129550766,45.657577961493,4.554118963509,J501r5
45.682986944836,4.640647363352,45.657577961493,4.554118963509,J502a5
45.682986944836,4.640647363352,45.657577961493,4.554118963509,J502r5
45.718397958769,4.694412996376,45.657577961493,4.554118963509,J503a9
45.718697979855,4.693572002386,45.657577961493,4.554118963509,J503r9
45.680662910593,4.658439651635,45.657577961493,4.554118963509,J504a16
45.682986944836,4.658358510034,45.657577961493,4.554118963509,J504r16
45.719904311777,4.693642023856,45.629982956742,4.456657039412,J511a16
45.719904311777,4.693642023856,45.629982956742,4.456657039412,J511r16
45.697743999671,4.676132998615,45.629982956742,4.456657039412,J512a11
45.697743999671,4.676132998615,45.629982956742,4.456657039412,J512r11
45.697743999671,4.676132998615,45.629982956742,4.456657039412,J512a9
45.697743999671,4.676132998615,45.629982956742,4.456657039412,J512r9
45.864730030369,4.786923729788,45.792173728333,4.732892978525,J521a5
45.865716971471,4.786923729788,45.792173728333,4.733737013072,J521r5
45.817046980977,4.759030492515,45.759519950648,4.70496098969,J538a6
45.817015975582,4.759030492515,45.759519950648,4.705672014821,J538r6
45.779335014261,4.92164866622,45.769932949897,4.903709953677,J541a6
45.779335014261,4.92164866622,45.769932949897,4.903709953677,J541r6
45.937716957291,4.847034969403,45.869335986715,4.748754036522,J551a7
45.9379280025,4.845817003003,45.869608987834,4.748839988214,J551r7
45.914289032183,4.847034969403,45.869335986715,4.776830069654,J552a2
45.914762975732,4.845817003003,45.869608987834,4.77721391128,J552r2
45.81955339808,4.818996962655,45.762677974452,4.796703009384,J561a5
45.819855975182,4.818996962655,45.763048996672,4.796686947609,J561r5
45.822726347257,4.813470992193,45.762677974452,4.750553972577,J562a8
45.823052958577,4.81310806045,45.763048996672,4.750525303831,J562r8
45.778648842433,5.018049069211,45.763884703079,4.996019573423,J571a4
45.778695640657,5.017974160541,45.763884703079,4.996019573423,J571r4
45.781464030612,4.903702602221,45.771670930826,4.879916058855,J581a3
45.781951823984,4.904772525092,45.771169388016,4.879916058855,J581r3
45.781805608414,4.903702602221,45.771670930826,4.879916058855,J581a2
45.781951823984,4.904772525092,45.771169388016,4.879916058855,J581r2
45.712119966398,4.747797168964,45.683470735469,4.663003491616,J591a2
45.712139882333,4.747708104136,45.683574959271,4.663003491616,J591r2
45.688528917563,4.786410007912,45.679111423193,4.658358510034,J603a1
45.688528917563,4.786410007912,45.679208748642,4.658439651635,J603r1
45.760824027282,5.020973948811,45.719687166356,4.983144989718,J611a2
45.760824027282,5.020931189339,45.719687166356,4.983049000864,J611r2
45.834739030909,4.792357962578,45.774733135375,4.748888270789,J621a6
45.834739030909,4.792357962578,45.774733135375,4.748888270789,J621r6
45.838005039624,4.840157170751,45.806677041191,4.767407979692,J623a4
45.838005039624,4.837982985936,45.797944956117,4.767407979692,J623r4
45.674268011415,4.816449671854,45.644217578367,4.785687787853,J720a2
45.674268011415,4.816449671854,45.643609018442,4.7856176824,J720r2
45.648201957449,5.034912954587,45.62886699864,4.98388199698,J761a2
45.648113976977,5.034860036259,45.628892038247,4.983977060498,J761r2
45.657646984078,5.003031963815,45.638284962725,4.976201971859,J762a2
45.657646984078,5.003031963815,45.638284962725,4.976193986372,J762r2
45.657646984078,5.003031963815,45.638284962725,4.976201971859,J762a1
45.657646984078,5.003031963815,45.638284962725,4.976193986372,J762r1
45.129871,4.853994,45.055675,4.534409,zenbus:Line:367120002:LOC
45.072875,4.83789,45.004322,4.76299,zenbus:Line:679620001:LOC
45.105636,4.62602,45.084434,4.619306,zenbus:Line:679630001:LOC
45.108612,4.794468,45.07936,4.725301,zenbus:Line:689840001:LOC
45.129871,4.7687,45.11782,4.727488,zenbus:Line:683600001:LOC
45.064418,4.851773,45.053089,4.836985,zenbus:Line:703130001:LOC
45.052875,4.74675,45.0275,4.716777,zenbus:Line:695690001:LOC
44.7899,4.6136,44.7173625,4.56339,PR02
44.76415,4.61142,44.7173625,4.529312,PR04
44.779927,4.59915,44.734898,4.52228,REGCREY
44.8272273,4.64424,44.782357,4.400459,LE_CHEYLARD_ST_VINCENT_DURFORT_LES_OLLIERES
44.7759706,4.4821163,44.733763,4.4444062,ST_JULIEN_DU_GUA_GOURDON
44.8293582,4.7287665,44.804376,4.581621,ST_FORTUNAT_ST_SAUVEUR_DE_MONTAGUT
44.857643,4.631231,44.8173744,4.5774216,ST_MICHEL_DE_CH_ST_SAUVEUR_DE_MONTAGUT_ECOLES
44.8508138,4.5826899,44.79958,4.5088,BEAUVENE_ST_SAUVEUR_DE_MONTAGUT_ST_ETIENNE_DE_SERRE_ECOLE
44.8293582,4.6770689,44.804376,4.5826899,LES_OLLIERES_ST_SAUVEUR_DE_MONTAGUT_RPI_ST_FORTUNAT
44.8233,4.5826899,44.7679931,4.4447233,ST_JULIEN_DU_GUA_ST_SAUVEUR_DE_MONTAGUT
44.9182765,4.646967,44.89291,4.5474481,VX02
44.871047,4.7924261,44.8121128,4.703822,VA09
44.7563,4.7072701,44.675495,4.5937808,PR01
44.8233,4.64424,44.7346629,4.56339,ST_VINCENT_DE_DURFORT_ST_SAUVEUR_DE_MONTAGUT_PRANLES_ECOLE
44.8293582,4.7924261,44.804376,4.581621,VA11
44.79315,4.744237,44.7410513,4.6663033,VA01
44.923031,4.6956656,44.8556866,4.5640436,VX03
44.792387,4.75225,44.7410513,4.72005,VA10
44.77511,4.599196,44.7276387,4.443203,PR03
44.896544,4.646967,44.8490518,4.5739348,VX01
44.935079,4.649437,44.8944101,4.615899,VX04
44.8357866,4.5826899,44.815264,4.400459,MARCOLS_ST_SAUVEUR_DE_MONTAGUT
45.15924,5.78724,45.05769,5.73249,65
45.16143,5.79299,45.13612,5.73249,67
45.14967,5.75262,45.1377,5.71727,68
45.16955,5.71292,45.1186,5.69299,2
45.18886,5.76518,45.15889,5.70479,12
45.1887,5.73517,45.14116,5.71788,3
45.1887,5.75434,45.14694,5.72514,4
45.25519,5.7855,45.16975,5.66132,E
45.21799,5.78103,45.13825,5.69817,16
45.26982,5.69713,45.18037,5.61816,20
45.24459,5.69971,45.20578,5.66661,22
45.20976,5.69505,45.14524,5.66274,19
45.22385,5.81978,45.18534,5.71095,1
45.19246,5.7855,45.17212,5.75423,D
45.19766,5.77597,45.14583,5.69082,7
45.19195,5.77525,45.16892,5.70511,5
45.20844,5.76456,45.15637,5.68348,6
45.24238,5.69971,45.20546,5.64924,54
45.2248,5.84788,45.18142,5.73163,15
45.16639,5.69331,45.1186,5.6712,21
45.28234,5.71835,45.22587,5.68616,60
45.09497,5.77524,45.0683,5.7232,70
45.20581,5.7855,45.18456,5.69967,B
45.19246,5.7855,45.16639,5.69043,C
45.17478,5.69215,45.15541,5.65879,49
45.23019,5.79264,45.19902,5.74959,42
45.22741,5.76792,45.19902,5.74959,41
45.18491,5.82185,45.1699,5.78092,43
45.02792,5.65124,44.97015,5.59538,44
45.13895,5.69331,45.1186,5.66662,48
45.21815,5.67203,45.1972,5.64749,50
45.27657,5.67302,45.23201,5.60481,51
45.2342,5.72564,45.20339,5.69096,55
45.2342,5.72564,45.19896,5.69096,56
45.13853,5.70415,45.13495,5.69291,64
45.28982,5.78105,45.19391,5.73009,62
45.09546,5.70786,45.05027,5.67129,45
45.19505,5.72922,45.19056,5.71514,40
45.18886,5.78771,45.1778,5.73163,14
45.1815,5.72195,45.02451,5.64571,25
45.14967,5.75778,45.09434,5.71243,66
45.12151,5.69331,45.1069,5.66532,47
45.19179,5.77441,45.16623,5.69023,83
45.11775,5.75778,45.08563,5.72863,71
45.19287,5.7193,45.02451,5.64571,26
45.09546,5.68375,45.07042,5.6426,46
45.2592,5.7461,45.22587,5.68616,61
45.27237,5.67853,45.23527,5.66352,63
45.19195,5.82949,45.05769,5.76532,23
45.21416,5.78103,45.15752,5.72797,13
45.19712,5.73296,45.13672,5.67222,A
45.18505,5.73518,45.13651,5.70429,81
45.4497300703,4.4014046103,45.4139540149,4.3623233161,07
45.4742139997,4.4092875546,45.4633166423,4.3790722962,08
45.4732398832,4.4029134771,45.4476098057,4.3849271017,09
45.4154157026,4.3934596958,45.3843602011,4.2831672674,01
45.4893748939,4.4506789587,45.4419508858,4.3849678452,10
45.4738863672,4.4296502992,45.4657770707,4.4156910056,101
45.6362101783,4.4566298031,45.4660870011,4.2622137623,108
45.5958975116,4.3262900506,45.4986960552,4.1850538799,109
45.4405420667,4.4237397292,45.4288039523,4.3911697211,11
45.4594732255,4.4096340017,45.4302655993,4.3649599849,12
45.4646600978,4.4108253069,45.4166686414,4.3218061136,13
45.503341363,4.4506789587,45.4372793868,4.3932113772,14
45.4410028229,4.4229621529,45.388981051,4.2849052637,02
45.4755520266,4.4579851381,45.4370142658,4.3523887512,16
45.4892802334,4.3823821094,45.4651043233,4.3479553608,17
45.4742139997,4.4029134771,45.4385246658,4.3789356941,18
45.4246352216,4.286926289,45.3759782476,4.0634625087,180
45.4411570459,4.4373179476,45.4114664855,4.3829808387,19
45.440207708,4.4435583076,45.4256480121,4.4334750539,20
45.4487307601,4.3959063347,45.4284928756,4.3761182233,21
45.4233010906,4.3945921152,45.409420435,4.3753921891,22
45.4152919179,4.4237174457,45.4068277434,4.3933400982,23
45.4395648156,4.3878506726,45.4308223704,4.3774506562,24
45.4821106343,4.5175839983,45.4660959943,4.3789356941,25
45.4556572812,4.3305690036,45.4234213412,4.2611719706,26
45.5566815403,4.4098666739,45.4660959943,4.3725913195,27
45.4815109921,4.4529377209,45.4522057361,4.4296502992,28
45.4747547332,4.5197884863,45.4316589368,4.4008611853,29
45.4090246183,4.3341948091,45.380883404,4.2509246755,30
45.4099839471,4.286926289,45.3857252341,4.181376448,31
45.3998863191,4.286926289,45.3760737191,4.2580682852,32
45.3891302104,4.2944903791,45.3676394217,4.2765638984,33
45.4089825115,4.286926289,45.3857252341,4.2260186328,34
45.3989790751,4.3468035831,45.3864135021,4.3226930095,35
45.5417631848,4.3644916781,45.4795910647,4.2546407922,37
45.5556931604,4.3285303983,45.5278615995,4.2710837835,39
45.4828217307,4.534916349,45.4553014222,4.5024089095,40
45.4859600276,4.5265858873,45.4748132105,4.5083651453,41
45.4749925697,4.5197884863,45.4481491865,4.4695604725,42
45.4922357153,4.5369450518,45.4675366048,4.4861173404,43
45.4959818522,4.5822640115,45.4664757232,4.5081816725,44
45.4751921509,4.519520507,45.4619251801,4.5083651453,45
45.5696865185,4.6387555918,45.469778748,4.5144098262,46
45.5483588527,4.6177263526,45.5171558868,4.5658319043,47
45.5342437079,4.5733903203,45.4966112652,4.4938500614,48
45.5130199903,4.6001274627,45.4945212592,4.5692708497,49
45.4801622219,4.3941065642,45.4084509645,4.3640914174,50
45.4503631662,4.4012307535,45.436710085,4.3839678285,51
45.4413718099,4.4373179476,45.4225941394,4.3810911641,03
45.4801622219,4.4050793228,45.4152867897,4.3640914174,52
45.5425651313,4.6427560851,45.5225877616,4.6131784062,57
45.5328201761,4.6270100445,45.4730114605,4.5153673175,58
45.5240881596,4.6062237815,45.4675366048,4.5144098262,59
45.4659855057,4.4060244199,45.4427838793,4.3784757551,62
45.4413769161,4.4373179476,45.4225941394,4.3810911641,63
45.4372793868,4.4252264741,45.417653001,4.3910624357,64
45.4497300703,4.3876688199,45.4369344937,4.3623233161,65
45.4742139997,4.4090460434,45.4418971617,4.3849678452,66
45.4154157026,4.3934596958,45.3843602011,4.2831672674,67
45.4246352216,4.181659521,45.3759782476,4.0634625087,68
45.4246352216,4.2070860474,45.3995329021,4.0634625087,69
45.4102774414,4.3679859593,45.3976518563,4.3555355046,70
45.461860165,4.487156553,45.4160326411,4.4110824617,71
45.4580455464,4.4529377209,45.4414021171,4.42771104,72
45.4457494172,4.3366402371,45.4234213412,4.3128172293,73
45.4412284702,4.3272117993,45.4332445921,4.3189580531,75
45.5958975116,4.3304778285,45.5393459278,4.3059805489,76
45.471306625,4.5246293404,45.4456491712,4.4899275558,77
45.509945627,4.5316993289,45.4675366048,4.5048239131,78
45.4868005274,4.5276017352,45.4815843572,4.525953215,79
45.4199038733,4.4818547099,45.3889851156,4.3929790113,80
45.4959818522,4.5842842728,45.4278056856,4.5144098262,81
45.4988620922,4.5822640115,45.4744603937,4.5640927016,82
45.5004957653,4.4504401559,45.4427838793,4.3997184647,83
45.5264908601,4.493636094,45.4372793868,4.3864137214,84
45.5716338867,4.4958194088,45.4372793868,4.3932113772,85
45.4509358575,4.6088871726,45.4471670457,4.5834291318,86
45.4680076236,4.3534653056,45.463876068,4.3440161852,87
45.4427860827,4.4256701297,45.4114664855,4.3929790113,04
45.5325654671,4.6270100445,45.4365423712,4.3909336955,05
45.4372793868,4.4305453918,45.4169811219,4.3910866479,06
45.471343,6.914346,45.453033,6.898094,zenbus:Line:22350003:LOC
45.471012,6.914346,45.453033,6.898094,zenbus:Line:20350001:LOC
45.495601,6.927233,45.469669,6.907373,zenbus:Line:18430001:LOC
45.496334,6.927233,45.469669,6.907373,zenbus:Line:12400001:LOC
44.6284,4.407135,44.605,4.375123,zenbus:Line:431020015:LOC
44.627666,4.413773,44.590145,4.379972,zenbus:Line:626820001:LOC
44.680355,4.407135,44.610973,4.365103,zenbus:Line:425470001:LOC
44.627666,4.402805,44.560337,4.359252,zenbus:Line:602230001:LOC
44.627666,4.461427,44.568005,4.381068,zenbus:Line:528140001:LOC
44.627666,4.407135,44.55428,4.356113,zenbus:Line:619050002:LOC
44.66862,4.3809,44.648014,4.36441,zenbus:Line:604030001:LOC
44.677223,4.378974,44.66588,4.364321,zenbus:Line:613360001:LOC
44.671993,4.457824,44.610973,4.38732,zenbus:Line:617220001:LOC
44.62768,4.418238,44.610973,4.381068,zenbus:Line:624880001:LOC
44.66862,4.401046,44.630478,4.36441,zenbus:Line:600150001:LOC
44.65542,4.407135,44.610973,4.375117,zenbus:Line:600140001:LOC
44.66862,4.366998,44.64454,4.322476,zenbus:Line:594090001:LOC
44.66862,4.418238,44.610973,4.36441,zenbus:Line:598520001:LOC
44.62057,4.417099,44.60585,4.400737,zenbus:Line:596200001:LOC
44.65542,4.401418,44.627666,4.375117,zenbus:Line:624890001:LOC
44.677162,4.36624,44.664303,4.312625,zenbus:Line:605760001:LOC
44.627666,4.407135,44.577747,4.346868,zenbus:Line:617230001:LOC
44.66563,4.418238,44.610973,4.365341,zenbus:Line:726430001:LOC
45.38812,5.59785,45.34541,5.5713,1
45.35798,5.5027,45.33162,5.48328,10
45.36835,5.61288,45.35006,5.57055,2
45.32714,5.61824,45.30545,5.56118,20
45.375,5.59282,45.34982,5.56788,3
45.375,5.60031,45.33827,5.57407,4
45.36316,5.59455,45.29447,5.48666,A
45.37837,5.58869,45.32024,5.51458,BE11
45.38078,5.58869,45.32024,5.49134,BE12
45.34935,5.58869,45.32024,5.49457,BE13
45.32024,5.58869,45.29807,5.48666,BE21
45.33054,5.58869,45.30084,5.49053,BE22
45.32024,5.63795,45.29156,5.58869,BE31
45.32024,5.64442,45.28436,5.58869,BE32
45.32024,5.6595,45.25813,5.58869,BE33
45.34969,5.62124,45.32024,5.56624,BE34
45.32024,5.66504,45.25037,5.58869,BE35
45.46067,5.68156,45.39854,5.55672,CH41
45.47973,5.63243,45.41013,5.55672,CH51
45.47144,5.55672,45.41013,5.50517,CH61
45.50361,5.59288,45.41013,5.55672,CH62
45.48857,5.57774,45.41013,5.53349,CH63
45.42943,5.55672,45.39839,5.49996,CH64
45.44894,5.5656,45.41013,5.51423,CH65
45.44894,5.55672,45.41013,5.53349,CH66
45.45747,5.55672,45.40962,5.50517,CH67
45.30114,5.49181,45.29678,5.45346,CO21
45.30608,5.52488,45.2632,5.4848,CO22
45.42821,5.70737,45.36316,5.59099,D
45.39128,5.52673,45.34928,5.50495,DE11
45.38078,5.5351,45.35115,5.49134,DE12
45.36132,5.53731,45.34343,5.50495,DE13
45.47973,5.6548,45.35964,5.55684,E
45.48969,5.59288,45.36521,5.51652,F
45.38027,5.5881,45.37461,5.54114,GA71
45.37461,5.5881,45.35553,5.54976,GA72
45.37461,5.59455,45.33847,5.54454,GA73
45.37461,5.5881,45.35791,5.58125,GA74
45.38522,5.59282,45.36521,5.53353,GA75
45.39968,5.59282,45.36521,5.56937,GA76
45.36845,5.59455,45.34702,5.49142,L
45.47656,5.59282,45.36521,5.51333,LAC
45.37852,5.59455,45.36316,5.59181,MA71
45.33049,5.65831,45.29301,5.63527,ML31
45.33115,5.61754,45.30645,5.59179,N
45.35081,5.61923,45.33181,5.60372,PM31
45.35081,5.62124,45.33043,5.60372,PM32
45.36643,5.66203,45.31543,5.59099,PM33
45.41578,5.65848,45.3511,5.59099,PM41
45.4129,5.68677,45.3511,5.60402,PM42
45.38973,5.65263,45.3511,5.60402,PM43
45.38377,5.64653,45.3511,5.60402,PM44
45.38325,5.62889,45.3511,5.59099,PM45
45.36643,5.60402,45.3511,5.59117,PM71
45.39128,5.52673,45.3661,5.49953,PR11
45.41578,5.67084,45.39116,5.64727,PR41
45.46067,5.68156,45.42645,5.62924,PR51
45.48495,5.64776,45.45131,5.60982,PR52
45.36704,5.62182,45.3527,5.6056,PR71
45.35798,5.58231,45.32616,5.49202,SJ11
45.34172,5.58231,45.29807,5.48666,SJ21
45.34172,5.66169,45.25469,5.58231,SJ31
45.375,5.60031,45.33827,5.57407,TAD-4
45.36316,5.66203,45.34671,5.59455,TAD-C
45.45231,5.67805,45.36316,5.59099,TAD-D
45.48905,5.71009,45.45455,5.60982,TAD-E
45.48969,5.59455,45.36316,5.53446,TAD-F
45.53061,5.59675,45.36316,5.49996,TAD-G
45.33049,5.66604,45.29009,5.63277,TAD-W
45.34513,5.57994,45.32107,5.53942,VE21
45.32686,5.57121,45.29807,5.48537,VE22
45.34969,5.60242,45.32107,5.5662,VE23
45.36986,5.59282,45.33162,5.48328,VO11
45.36986,5.58736,45.34702,5.49131,VO12
45.36316,5.59455,45.33162,5.48328,VO13
45.36986,5.58736,45.33162,5.48328,VO14
45.36316,5.59455,45.30084,5.49181,VO21
45.36316,5.59455,45.29807,5.48666,VO22
45.36986,5.58789,45.29807,5.48666,VO23
45.36986,5.62124,45.32694,5.57118,VO31
45.36316,5.65663,45.26329,5.59455,VO32
45.41076,5.67385,45.36316,5.59099,VO41
45.41076,5.67385,45.35569,5.59099,VO42
45.46067,5.68156,45.36316,5.59099,VO43
45.4704,5.65471,45.36521,5.55684,VO51
45.47144,5.59282,45.36521,5.50517,VO61
45.47144,5.59282,45.36521,5.50517,VO62
45.44894,5.59455,45.36316,5.53344,VO63
45.38027,5.59282,45.36521,5.54114,VO71
45.36986,5.59455,45.36078,5.51838,VO72
45.39128,5.59282,45.361,5.49466,VO73
45.36986,5.59455,45.35553,5.53106,VO74
45.36521,5.66169,45.25469,5.59282,W
44.627666,4.407135,44.55428,4.356113,4424
44.627666,4.461427,44.568005,4.381068,4423
44.680355,4.407135,44.610973,4.365103,4403
44.668621,4.401046,44.630477,4.364409,4468
44.627666,4.402804,44.560337,4.359252,4407
44.627666,4.407135,44.577747,4.346868,4425
44.671993,4.457824,44.610973,4.38732,4422
44.6284,4.407135,44.605,4.375123,4401
44.62057,4.417099,44.60585,4.400736,4404
44.627666,4.413773,44.590145,4.379972,4421
44.677223,4.378974,44.66588,4.364321,4461
44.62768,4.418238,44.610973,4.381068,4402
44.668621,4.418238,44.610973,4.364409,4466
44.677162,4.36624,44.664302,4.312624,4464
44.668621,4.366998,44.64454,4.322476,4465
44.668621,4.3809,44.648014,4.364409,4467
44.65542,4.407135,44.610973,4.375117,4469
44.65542,4.401418,44.627666,4.375117,4462
45.473133,6.464127,45.458286,6.441051,zenbus:Line:28050136:LOC
45.490779,6.470475,45.458286,6.441051,zenbus:Line:2030139:LOC
45.558605,6.505692,45.459743,6.44232,zenbus:Line:674870001:LOC
45.463859,6.447346,45.458286,6.439279,zenbus:Line:32010138:LOC
45.5857594673,4.8674902344,45.457459995,4.7576100974,VIENNE:134
45.5306999236,4.9258800574,45.5021493775,4.848780266,VIENNE:2
45.6130295018,5.0382799558,45.5040433991,4.8517002382,VIENNE:2760
45.542280301,4.9258800574,45.5125995239,4.8502199259,VIENNE:4
45.5474295884,4.9644400647,45.5125499439,4.863569749,VIENNE:1
45.5244000731,4.9085398053,45.5125995239,4.8739801029,VIENNE:110
45.5474295884,4.8740801478,45.5021493775,4.848780266,VIENNE:3
45.5369893866,4.887780136,45.5211595155,4.8701898189,VIENNE:5
45.5337498718,4.9258401789,45.5211595155,4.865440013,VIENNE:6
45.5243201898,4.8021500332,45.4632798224,4.7604353259,VIENNE:702
45.5870296835,4.8740801478,45.5211595155,4.7849499734,VIENNE:7
45.4870356867,4.7891099992,45.4781093128,4.776796441,VIENNE:710
45.5301199859,4.878850357,45.4632798224,4.7596902475,VIENNE:711
45.5140796327,4.7030403281,45.4807502928,4.6641900792,VIENNE:719
45.5162603388,4.7759101004,45.4632798224,4.7081202541,VIENNE:716
45.5227949706,4.6873162232,45.5073404903,4.6504249216,VIENNE:718
45.5045798285,4.6882699664,45.4807502928,4.6641900792,VIENNE:748
45.6042801671,4.7718298509,45.5289969199,4.7099398344,VIENNE:750
45.5618502587,4.8674902344,45.4989796359,4.676219707,VIENNE:760
45.5357569733,4.865440013,45.5273575277,4.814441408,VIENNE:762
45.6199829829,4.7135576691,45.5655401333,4.6670288703,VIENNE:749
45.5244000731,4.8844400595,45.5086998343,4.8727700361,VIENNE:8
45.5206603507,4.9908901745,45.490569567,4.9250923761,VIENNE:PESB
45.5432642733,4.7502461277,45.4880522669,4.5999597149,VIENNE:759
45.5284203393,5.046120473,45.490569567,4.878850357,VIENNE:PEV
45.5245796059,4.7759101004,45.4632798224,4.7433202036,VIENNE:713
45.5847198229,4.7962597056,45.5452796246,4.7013903398,VIENNE:712
45.5395896938,4.7759101004,45.4632798224,4.676219707,VIENNE:770
45.5845019363,4.8785899883,45.5613398614,4.8579003033,VIENNE:PCHU
45.5122099443,5.046120473,45.493859638,5.0146298822,VIENNE:PMOID
45.5270503193,4.9439800251,45.4676398706,4.8773902554,VIENNE:201
45.5297193367,4.8138603885,45.4632798224,4.7631599018,VIENNE:764
45.5301199859,4.878850357,45.4063301548,4.8291101087,VIENNE:VIE02
45.5467668187,5.1070298536,45.4668998243,4.8517002382,VIENNE:VIE03
45.5467668187,4.9528696993,45.4455601485,4.8517002382,VIENNE:VIE04
45.5854795166,4.878850357,45.5040433991,4.7899100113,VIENNE:2040
45.6042801671,4.8073800423,45.523729348,4.7552703442,VIENNE:769
45.5027797432,5.0332103558,45.4635595613,4.9551298532,VIENNE:PEYZ
45.6042801671,4.8278597756,45.5784602589,4.7595397767,VIENNE:2060
45.5643993848,5.0040699895,45.5438202835,4.9623302729,VIENNE:PSEP
45.5214903775,4.8739801029,45.5040433991,4.8517002382,VIENNE:100
